ESTE,NORTE
473940.8597,9529108.379
473940.8597,9529122.736
473939.7706,9529122.736
473939.7706,9529123.825
473938.6815,9529123.825
473938.6815,9529126.003
473937.5924,9529126.003
473937.5924,9529128.181
473936.5033,9529128.181
473936.5033,9529136.894
473935.4142,9529136.894
473935.4142,9529139.518
473935.4142,9529143.231
473936.5033,9529143.231
473936.5033,9529144.32
473938.6815,9529144.32
473938.6815,9529159.567
473939.7706,9529159.567
473939.7706,9529171.745
473938.6815,9529171.745
473938.6815,9529173.924
473937.5924,9529173.924
473937.5924,9529177.191
473936.5033,9529177.191
473936.5033,9529179.369
473935.4142,9529179.369
473935.4142,9529182.636
473934.3251,9529182.636
473934.3251,9529185.904
473933.236,9529185.904
473933.236,9529188.082
473932.1469,9529188.082
473932.1469,9529190.26
473931.0578,9529190.26
473931.0578,9529193.973
473931.0578,9529195.507
473933.236,9529195.507
473933.236,9529196.597
473949.5725,9529196.597
473949.5725,9529208.577
473949.5725,9529209.666
473950.6616,9529209.666
473950.6616,9529210.755
473951.7507,9529210.755
473951.7507,9529211.844
473952.8398,9529211.844
473952.8398,9529212.933
473953.9289,9529212.933
473953.9289,9529214.022
473955.018,9529214.022
473955.018,9529215.111
473957.1962,9529215.111
473957.1962,9529221.2
473957.1962,9529227.289
473956.1071,9529227.289
473956.1071,9529228.379
473955.018,9529228.379
473955.018,9529229.468
473953.9289,9529229.468
473953.9289,9529230.557
473952.8398,9529230.557
473952.8398,9529231.646
473951.7507,9529231.646
473951.7507,9529233.824
473950.6616,9529233.824
473950.6616,9529234.913
473949.5725,9529234.913
473949.5725,9529237.091
473948.4834,9529237.091
473948.4834,9529238.18
473947.3943,9529238.18
473947.3943,9529240.359
473946.3052,9529240.359
473946.3052,9529241.448
473945.2161,9529241.448
473945.2161,9529242.537
473944.127,9529242.537
473944.127,9529243.626
473932.1469,9529243.626
473932.1469,9529245.804
473931.0578,9529245.804
473931.0578,9529254.517
473929.9687,9529254.517
473929.9687,9529260.853
473929.9687,9529261.943
473932.1469,9529261.943
473932.1469,9529263.032
473933.236,9529263.032
473933.236,9529267.388
473934.3251,9529267.388
473934.3251,9529270.655
473935.4142,9529270.655
473935.4142,9529278.279
473936.5033,9529278.279
473936.5033,9529285.457
473936.5033,9529287.635
473936.5033,9529293.725
473935.4142,9529293.725
473935.4142,9529298.526
473935.4142,9529304.616
473934.3251,9529304.616
473934.3251,9529307.883
473933.236,9529307.883
473933.236,9529310.952
473935.8597,9529310.952
473948.4834,9529310.952
473948.4834,9529312.041
473955.018,9529312.041
473955.018,9529313.13
473961.5526,9529313.13
473961.5526,9529314.219
473973.5327,9529314.219
473973.5327,9529326.398
473972.4436,9529326.398
473972.4436,9529327.487
473971.3545,9529327.487
473971.3545,9529328.576
473969.1763,9529328.576
473969.1763,9529329.665
473968.0872,9529329.665
473968.0872,9529330.754
473966.9981,9529330.754
473966.9981,9529331.843
473965.909,9529331.843
473965.909,9529332.932
473964.8199,9529332.932
473964.8199,9529334.021
473963.7308,9529334.021
473963.7308,9529335.11
473962.6417,9529335.11
473962.6417,9529336.199
473961.5526,9529336.199
473961.5526,9529337.289
473960.4635,9529337.289
473960.4635,9529338.378
473959.3744,9529338.378
473959.3744,9529339.467
473958.2853,9529339.467
473958.2853,9529340.556
473957.1962,9529340.556
473957.1962,9529341.645
473956.1071,9529341.645
473956.1071,9529342.734
473955.018,9529342.734
473955.018,9529343.823
473953.9289,9529343.823
473953.9289,9529344.912
473952.8398,9529344.912
473952.8398,9529346.001
473951.7507,9529346.001
473951.7507,9529347.09
473950.6616,9529347.09
473950.6616,9529348.18
473949.5725,9529348.18
473949.5725,9529349.269
473948.4834,9529349.269
473948.4834,9529350.358
473947.3943,9529350.358
473947.3943,9529351.249
473953.9289,9529351.249
473953.9289,9529352.338
473960.4635,9529352.338
473960.4635,9529353.427
473970.2654,9529353.427
473970.2654,9529354.516
473972.4436,9529354.516
473972.4436,9529366.694
473971.3545,9529366.694
473971.3545,9529371.051
473970.2654,9529371.051
473970.2654,9529376.496
473969.1763,9529376.496
473969.1763,9529380.853
473968.0872,9529380.853
473968.0872,9529386.298
473966.9981,9529386.298
473966.9981,9529390.654
473965.909,9529390.654
473965.909,9529393.922
473964.8199,9529393.922
473964.8199,9529399.367
473963.7308,9529399.367
473963.7308,9529403.724
473962.6417,9529403.724
473962.6417,9529408.08
473961.5526,9529408.08
473961.5526,9529412.436
473960.4635,9529412.436
473960.4635,9529418.971
473959.3744,9529418.971
473959.3744,9529423.129
473960.4635,9529423.129
473960.4635,9529425.308
473961.5526,9529425.308
473961.5526,9529431.397
473961.5526,9529437.486
473958.2853,9529437.486
473958.2853,9529440.109
473958.2853,9529450.357
473965.909,9529450.357
473965.909,9529462.535
473964.8199,9529462.535
473964.8199,9529463.624
473963.7308,9529463.624
473963.7308,9529464.713
473954.3744,9529464.713
473953.9289,9529464.713
473953.9289,9529467.981
473952.8398,9529467.981
473952.8398,9529471.248
473951.7507,9529471.248
473951.7507,9529474.515
473950.6616,9529474.515
473950.6616,9529479.961
473949.5725,9529479.961
473949.5725,9529485.406
473948.4834,9529485.406
473948.4834,9529488.673
473947.3943,9529488.673
473947.3943,9529491.941
473945.2161,9529491.941
473945.2161,9529494.119
473944.127,9529494.119
473944.127,9529496.297
473943.0379,9529496.297
473943.0379,9529500.654
473941.9488,9529500.654
473941.9488,9529506.099
473940.8597,9529506.099
473940.8597,9529510.455
473939.7706,9529510.455
473939.7706,9529514.812
473938.6815,9529514.812
473938.6815,9529519.168
473937.5924,9529519.168
473937.5924,9529522.436
473936.5033,9529522.436
473936.5033,9529525.703
473935.4142,9529525.703
473935.4142,9529530.059
473934.3251,9529530.059
473934.3251,9529530.95
473934.3251,9529544.019
473937.5924,9529544.019
473937.5924,9529546.198
473938.6815,9529546.198
473938.6815,9529564.91
473937.5924,9529564.91
473937.5924,9529567.089
473936.5033,9529567.089
473936.5033,9529569.267
473935.4142,9529569.267
473935.4142,9529571.445
473934.3251,9529571.445
473934.3251,9529572.534
473933.236,9529572.534
473933.236,9529574.712
473932.1469,9529574.712
473932.1469,9529575.801
473929.9687,9529575.801
473929.9687,9529580.158
473916.7014,9529580.158
473916.7014,9529579.069
473914.5232,9529579.069
473914.5232,9529577.98
473912.345,9529577.98
473912.345,9529576.891
473911.454,9529576.891
473911.454,9529582.336
473910.3649,9529582.336
473910.3649,9529593.227
473897.2957,9529593.227
473896.2066,9529593.227
473896.2066,9529594.316
473895.1175,9529594.316
473895.1175,9529595.405
473894.0284,9529595.405
473894.0284,9529596.494
473892.9393,9529596.494
473892.9393,9529598.673
473891.8502,9529598.673
473891.8502,9529599.762
473890.7611,9529599.762
473890.7611,9529600.851
473889.672,9529600.851
473889.672,9529601.94
473888.5829,9529601.94
473888.5829,9529604.118
473887.4938,9529604.118
473887.4938,9529605.207
473886.4047,9529605.207
473886.4047,9529606.296
473885.3156,9529606.296
473885.3156,9529608.474
473884.2265,9529608.474
473884.2265,9529609.564
473883.1374,9529609.564
473883.1374,9529610.653
473882.0483,9529610.653
473882.0483,9529612.831
473880.9592,9529612.831
473880.9592,9529613.92
473879.8701,9529613.92
473879.8701,9529615.009
473878.781,9529615.009
473878.781,9529617.187
473877.6919,9529617.187
473877.6919,9529619.365
473876.6028,9529619.365
473876.6028,9529620.455
473875.5137,9529620.455
473875.5137,9529621.544
473874.4246,9529621.544
473874.4246,9529623.722
473873.3355,9529623.722
473873.3355,9529624.811
473872.2464,9529624.811
473872.2464,9529625.9
473868.9791,9529625.9
473868.9791,9529626.989
473867.89,9529626.989
473867.89,9529628.078
473866.8009,9529628.078
473866.8009,9529630.256
473865.7118,9529630.256
473865.7118,9529631.346
473864.6227,9529631.346
473864.6227,9529633.524
473863.5336,9529633.524
473863.5336,9529634.613
473862.4445,9529634.613
473862.4445,9529636.791
473861.3554,9529636.791
473861.3554,9529637.88
473860.2663,9529637.88
473860.2663,9529640.058
473859.1772,9529640.058
473859.1772,9529642.237
473858.0881,9529642.237
473858.0881,9529644.415
473856.999,9529644.415
473856.999,9529646.593
473855.9099,9529646.593
473855.9099,9529647.682
473854.8208,9529647.682
473854.8208,9529649.86
473853.7317,9529649.86
473853.7317,9529652.038
473852.6426,9529652.038
473852.6426,9529654.217
473851.5535,9529654.217
473851.5535,9529656.395
473850.4644,9529656.395
473850.4644,9529657.484
473849.3753,9529657.484
473849.3753,9529659.662
473848.2862,9529659.662
473848.2862,9529661.84
473847.1971,9529661.84
473847.1971,9529662.929
473846.108,9529662.929
473846.108,9529665.108
473845.0189,9529665.108
473845.0189,9529666.197
473843.9298,9529666.197
473843.9298,9529667.286
473842.8407,9529667.286
473842.8407,9529669.464
473841.7516,9529669.464
473841.7516,9529671.642
473840.6625,9529671.642
473840.6625,9529672.731
473839.5734,9529672.731
473839.5734,9529674.91
473838.4843,9529674.91
473838.4843,9529675.999
473837.3952,9529675.999
473837.3952,9529677.088
473836.3061,9529677.088
473836.3061,9529679.266
473835.217,9529679.266
473835.217,9529680.355
473834.1279,9529680.355
473834.1279,9529682.533
473833.0388,9529682.533
473833.0388,9529683.622
473831.9497,9529683.622
473831.9497,9529684.711
473830.8606,9529684.711
473830.8606,9529686.89
473829.7715,9529686.89
473829.7715,9529687.979
473828.6824,9529687.979
473828.6824,9529689.068
473827.5933,9529689.068
473827.5933,9529691.246
473826.5042,9529691.246
473826.5042,9529693.424
473825.4151,9529693.424
473825.4151,9529699.959
473824.326,9529699.959
473824.326,9529703.226
473823.2369,9529703.226
473823.2369,9529705.404
473819.9696,9529705.404
473819.9696,9529707.583
473818.8805,9529707.583
473818.8805,9529709.761
473817.7914,9529709.761
473817.7914,9529710.85
473816.7023,9529710.85
473816.7023,9529713.028
473815.6132,9529713.028
473815.6132,9529714.117
473814.5241,9529714.117
473814.5241,9529716.295
473813.435,9529716.295
473813.435,9529718.474
473812.3459,9529718.474
473812.3459,9529719.563
473811.2568,9529719.563
473811.2568,9529721.741
473810.1677,9529721.741
473810.1677,9529723.919
473809.0786,9529723.919
473809.0786,9529725.008
473807.9895,9529725.008
473807.9895,9529727.186
473806.9004,9529727.186
473806.9004,9529729.365
473805.8113,9529729.365
473805.8113,9529730.454
473804.7222,9529730.454
473804.7222,9529732.632
473803.6331,9529732.632
473803.6331,9529733.721
473802.544,9529733.721
473802.544,9529734.81
473801.4549,9529734.81
473801.4549,9529736.988
473800.3658,9529736.988
473800.3658,9529739.166
473799.2767,9529739.166
473799.2767,9529740.256
473798.1876,9529740.256
473798.1876,9529741.345
473796.0094,9529741.345
473796.0094,9529742.434
473793.8312,9529742.434
473793.8312,9529743.523
473792.7421,9529743.523
473792.7421,9529744.612
473787.2966,9529744.612
473787.2966,9529745.701
473785.1184,9529745.701
473785.1184,9529746.79
473777.9402,9529746.79
473771.8511,9529746.79
473771.8511,9529745.701
473770.762,9529745.701
473770.762,9529744.612
473769.6729,9529744.612
473769.6729,9529743.523
473767.4947,9529743.523
473767.4947,9529742.434
473765.3165,9529742.434
473765.3165,9529741.345
473762.0492,9529741.345
473762.0492,9529740.256
473758.7819,9529740.256
473758.7819,9529739.166
473756.6037,9529739.166
473756.6037,9529738.077
473755.5146,9529738.077
473748.98,9529738.077
473748.98,9529736.988
473745.9108,9529736.988
473745.9108,9529752.038
473746.9999,9529752.038
473746.9999,9529787.532
473746.9999,9529798.869
473748.089,9529798.869
473748.089,9529809.314
473748.089,9529845.7
473749.1781,9529845.7
473749.1781,9529875.749
473749.1781,9529882.284
473749.1781,9529892.531
473750.2672,9529892.531
473750.2672,9529898.621
473750.2672,9529906.244
473750.2672,9529913.868
473750.2672,9529914.957
473750.2672,9529919.313
473750.2672,9529925.848
473750.2672,9529932.383
473750.2672,9529936.739
473750.2672,9529939.363
473751.3563,9529939.363
473751.3563,9529945.452
473751.3563,9529950.897
473751.3563,9529957.432
473751.3563,9529967.234
473751.3563,9529970.501
473751.3563,9529985.105
473752.4454,9529985.105
473752.4454,9530020.6
473752.4454,9530031.936
473753.5345,9530031.936
473753.5345,9530050.005
473753.5345,9530058.718
473753.5345,9530071.787
473753.5345,9530078.768
473754.6236,9530078.768
473754.6236,9530088.124
473754.6236,9530097.926
473754.6236,9530104.46
473754.6236,9530125.599
473755.7127,9530125.599
473755.7127,9530172.43
473756.8018,9530172.43
473756.8018,9530219.261
473757.8909,9530219.261
473757.8909,9530242.133
473759.871,9530242.133
473759.871,9530241.043
473763.1383,9530241.043
473763.1383,9530239.954
473766.4056,9530239.954
473766.4056,9530238.865
473769.6729,9530238.865
473769.6729,9530237.776
473772.9402,9530237.776
473772.9402,9530236.687
473776.2075,9530236.687
473776.2075,9530235.598
473779.4748,9530235.598
473779.4748,9530234.509
473782.7421,9530234.509
473782.7421,9530233.42
473786.0094,9530233.42
473786.0094,9530232.331
473788.1876,9530232.331
473788.1876,9530231.242
473791.4549,9530231.242
473791.4549,9530230.152
473794.7222,9530230.152
473794.7222,9530229.063
473797.9895,9530229.063
473797.9895,9530227.974
473800.1677,9530227.974
473800.1677,9530226.885
473803.435,9530226.885
473803.435,9530225.796
473805.6132,9530225.796
473805.6132,9530224.707
473817.7914,9530224.707
473817.7914,9530225.796
473821.0587,9530225.796
473821.0587,9530226.885
473823.2369,9530226.885
473823.2369,9530227.974
473825.4151,9530227.974
473825.4151,9530229.063
473836.3061,9530229.063
473836.3061,9530231.242
473838.4843,9530231.242
473838.4843,9530232.331
473840.4644,9530232.331
473840.4644,9530231.242
473860.0682,9530231.242
473860.0682,9530230.152
473885.3156,9530230.152
473885.3156,9530231.242
473909.2758,9530231.242
473909.2758,9530232.331
473919.0777,9530232.331
473919.0777,9530233.42
473925.6123,9530233.42
473925.6123,9530234.509
473931.0578,9530234.509
473931.0578,9530235.598
473935.4142,9530235.598
473935.4142,9530236.687
473939.7706,9530236.687
473939.7706,9530237.776
473945.2161,9530237.776
473945.2161,9530238.865
473948.4834,9530238.865
473948.4834,9530239.954
473950.6616,9530239.954
473950.6616,9530241.043
473952.8398,9530241.043
473952.8398,9530242.133
473953.9289,9530242.133
473953.9289,9530243.222
473955.018,9530243.222
473955.018,9530244.311
473956.1071,9530244.311
473957.6417,9530244.311
473963.7308,9530244.311
473963.7308,9530245.4
473966.9981,9530245.4
473966.9981,9530246.489
473969.1763,9530246.489
473969.1763,9530247.578
473971.3545,9530247.578
473975.7109,9530247.578
473975.7109,9530248.667
473977.691,9530248.667
473978.7801,9530248.667
473978.7801,9530247.578
473979.8692,9530247.578
473979.8692,9530246.489
473980.9583,9530246.489
473980.9583,9530245.4
473982.0474,9530245.4
473982.0474,9530243.222
473983.1365,9530243.222
473983.1365,9530242.133
473984.2256,9530242.133
473984.2256,9530241.043
473985.3147,9530241.043
473985.3147,9530239.954
473986.4038,9530239.954
473986.4038,9530237.776
473987.4929,9530237.776
473987.4929,9530236.687
473988.582,9530236.687
473988.582,9530235.598
473989.6711,9530235.598
473989.6711,9530234.509
473990.7602,9530234.509
473990.7602,9530232.331
473991.8493,9530232.331
473991.8493,9530231.242
474005.1166,9530231.242
474005.1166,9530232.331
474006.2057,9530232.331
474006.2057,9530233.42
474007.2948,9530233.42
474007.2948,9530235.598
474008.3839,9530235.598
474008.3839,9530236.687
474009.473,9530236.687
474009.473,9530237.776
474010.5621,9530237.776
474010.5621,9530238.865
474011.6512,9530238.865
474011.6512,9530239.954
474012.7403,9530239.954
474012.7403,9530241.043
474013.8294,9530241.043
474013.8294,9530242.133
474014.9185,9530242.133
474014.9185,9530244.311
474016.0076,9530244.311
474016.0076,9530245.4
474017.0967,9530245.4
474017.0967,9530246.489
474018.1858,9530246.489
474018.1858,9530247.578
474019.2749,9530247.578
474019.2749,9530248.667
474020.364,9530248.667
474020.364,9530250.845
474021.4531,9530250.845
474021.4531,9530251.934
474022.5422,9530251.934
474022.5422,9530253.024
474023.6313,9530253.024
474023.6313,9530254.113
474024.7204,9530254.113
474024.7204,9530255.202
474025.8095,9530255.202
474025.8095,9530257.38
474026.8986,9530257.38
474026.8986,9530258.469
474027.9877,9530258.469
474027.9877,9530259.558
474029.0768,9530259.558
474029.0768,9530260.647
474030.1659,9530260.647
474030.1659,9530261.736
474031.255,9530261.736
474031.255,9530262.825
474032.3441,9530262.825
474032.3441,9530263.915
474033.4332,9530263.915
474033.4332,9530266.093
474034.5223,9530266.093
474034.5223,9530267.182
474035.6114,9530267.182
474035.6114,9530268.271
474036.7005,9530268.271
474036.7005,9530270.449
474037.7896,9530270.449
474037.7896,9530271.538
474038.8787,9530271.538
474038.8787,9530272.627
474039.9678,9530272.627
474039.9678,9530273.716
474041.0569,9530273.716
474041.0569,9530274.806
474042.146,9530274.806
474042.146,9530275.895
474043.2351,9530275.895
474043.2351,9530276.984
474044.3242,9530276.984
474044.3242,9530281.34
474045.4133,9530281.34
474045.4133,9530282.429
474047.5915,9530282.429
474047.5915,9530283.518
474048.6806,9530283.518
474048.6806,9530284.607
474050.8588,9530284.607
474050.8588,9530285.697
474051.9479,9530285.697
474051.9479,9530286.786
474054.1261,9530286.786
474054.1261,9530287.875
474055.2152,9530287.875
474055.2152,9530288.964
474057.3934,9530288.964
474057.3934,9530290.053
474058.4825,9530290.053
474058.4825,9530291.142
474060.6607,9530291.142
474060.6607,9530292.231
474061.7498,9530292.231
474061.7498,9530295.498
474062.8389,9530295.498
474062.8389,9530296.588
474065.0171,9530296.588
474065.0171,9530297.677
474067.1953,9530297.677
474067.1953,9530298.766
474070.4626,9530298.766
474070.4626,9530299.855
474072.6408,9530299.855
474072.6408,9530300.944
474073.7299,9530300.944
474073.7299,9530302.033
474075.9081,9530302.033
474075.9081,9530303.122
474076.9972,9530303.122
474076.9972,9530304.211
474078.0863,9530304.211
474078.0863,9530305.3
474080.2645,9530305.3
474080.2645,9530306.389
474081.3536,9530306.389
474081.3536,9530307.479
474083.5318,9530307.479
474083.5318,9530308.568
474085.71,9530308.568
474085.71,9530309.657
474088.9773,9530309.657
474088.9773,9530310.746
474091.1555,9530310.746
474091.1555,9530311.835
474094.4228,9530311.835
474094.4228,9530312.924
474096.601,9530312.924
474096.601,9530314.013
474099.8683,9530314.013
474099.8683,9530315.102
474103.1356,9530315.102
474103.1356,9530316.191
474105.3138,9530316.191
474105.3138,9530317.28
474108.5811,9530317.28
474108.5811,9530318.37
474111.8484,9530318.37
474111.8484,9530319.459
474114.0266,9530319.459
474114.0266,9530320.548
474117.2939,9530320.548
474117.2939,9530321.637
474120.5612,9530321.637
474120.5612,9530322.726
474122.7394,9530322.726
474122.7394,9530323.815
474126.0067,9530323.815
474126.0067,9530324.904
474129.274,9530324.904
474129.274,9530325.993
474132.5413,9530325.993
474132.5413,9530327.082
474135.8086,9530327.082
474135.8086,9530328.171
474137.9868,9530328.171
474137.9868,9530329.261
474142.3432,9530329.261
474142.3432,9530330.35
474144.5214,9530330.35
474144.5214,9530331.439
474147.7887,9530331.439
474147.7887,9530332.528
474151.056,9530332.528
474151.056,9530333.617
474154.3233,9530333.617
474154.3233,9530334.706
474156.5015,9530334.706
474156.5015,9530335.795
474159.7688,9530335.795
474159.7688,9530336.884
474161.947,9530336.884
474161.947,9530337.973
474165.2143,9530337.973
474165.2143,9530339.062
474167.3925,9530339.062
474167.3925,9530340.152
474170.6598,9530340.152
474170.6598,9530341.241
474173.9271,9530341.241
474173.9271,9530342.33
474176.1053,9530342.33
474176.1053,9530343.419
474178.2835,9530343.419
474178.2835,9530344.508
474180.4617,9530344.508
474180.4617,9530345.597
474182.6399,9530345.597
474182.6399,9530346.686
474184.8181,9530346.686
474184.8181,9530347.775
474186.9963,9530347.775
474186.9963,9530348.864
474189.1745,9530348.864
474189.1745,9530349.953
474191.3527,9530349.953
474191.3527,9530351.043
474193.5309,9530351.043
474193.5309,9530352.132
474195.7091,9530352.132
474195.7091,9530353.221
474197.8873,9530353.221
474197.8873,9530354.31
474200.0655,9530354.31
474200.0655,9530355.399
474202.2437,9530355.399
474202.2437,9530356.488
474204.4219,9530356.488
474204.4219,9530357.577
474206.6001,9530357.577
474206.6001,9530358.666
474209.8674,9530358.666
474209.8674,9530359.755
474212.0456,9530359.755
474212.0456,9530360.844
474214.2238,9530360.844
474214.2238,9530361.934
474216.402,9530361.934
474216.402,9530363.023
474218.5802,9530363.023
474218.5802,9530364.112
474220.7584,9530364.112
474220.7584,9530365.201
474222.9366,9530365.201
474222.9366,9530366.29
474225.1148,9530366.29
474225.1148,9530367.379
474227.293,9530367.379
474227.293,9530368.468
474228.3821,9530368.468
474228.3821,9530369.557
474230.5603,9530369.557
474230.5603,9530370.646
474231.6494,9530370.646
474231.6494,9530371.735
474236.0058,9530371.735
474236.0058,9530372.825
474238.184,9530372.825
474238.184,9530373.914
474239.2731,9530373.914
474239.2731,9530375.003
474240.3622,9530375.003
474240.3622,9530376.092
474242.5404,9530376.092
474242.5404,9530377.181
474244.7186,9530377.181
474244.7186,9530378.27
474246.8968,9530378.27
474246.8968,9530379.359
474249.075,9530379.359
474249.075,9530380.448
474251.2532,9530380.448
474251.2532,9530381.537
474253.4314,9530381.537
474253.4314,9530382.626
474255.6096,9530382.626
474255.6096,9530383.716
474257.7878,9530383.716
474257.7878,9530384.805
474258.8769,9530384.805
474258.8769,9530385.894
474262.1442,9530385.894
474262.1442,9530386.983
474263.2333,9530386.983
474263.2333,9530388.072
474265.4115,9530388.072
474265.4115,9530389.161
474267.5897,9530389.161
474274.1243,9530389.161
474274.1243,9530390.25
474275.2134,9530390.25
474275.2134,9530391.339
474277.3916,9530391.339
474278.2826,9530391.339
474279.3717,9530391.339
474279.3717,9530389.161
474280.4608,9530389.161
474280.4608,9530386.983
474281.5499,9530386.983
474281.5499,9530384.805
474282.639,9530384.805
474282.639,9530382.626
474283.7281,9530382.626
474283.7281,9530380.448
474284.8172,9530380.448
474284.8172,9530378.27
474285.9063,9530378.27
474285.9063,9530376.092
474286.9954,9530376.092
474286.9954,9530375.003
474288.0845,9530375.003
474288.0845,9530373.914
474289.1736,9530373.914
474289.1736,9530372.825
474290.2627,9530372.825
474290.2627,9530371.735
474291.3518,9530371.735
474291.3518,9530370.646
474292.4409,9530370.646
474292.4409,9530369.557
474293.53,9530369.557
474293.53,9530368.468
474306.7973,9530368.468
474306.7973,9530369.557
474307.8864,9530369.557
474307.8864,9530370.646
474310.0646,9530370.646
474310.0646,9530371.735
474311.1537,9530371.735
474311.1537,9530372.825
474312.2428,9530372.825
474312.2428,9530373.914
474313.3319,9530373.914
474313.3319,9530375.003
474315.5101,9530375.003
474315.5101,9530376.092
474316.5992,9530376.092
474316.5992,9530377.181
474317.6883,9530377.181
474317.6883,9530378.27
474319.8665,9530378.27
474319.8665,9530379.359
474320.9556,9530379.359
474320.9556,9530380.448
474323.1338,9530380.448
474323.1338,9530381.537
474324.2229,9530381.537
474324.2229,9530382.626
474325.312,9530382.626
474325.312,9530383.716
474327.4902,9530383.716
474327.4902,9530384.805
474328.5793,9530384.805
474328.5793,9530385.894
474329.6684,9530385.894
474329.6684,9530386.983
474331.8466,9530386.983
474331.8466,9530388.072
474332.9357,9530388.072
474332.9357,9530389.161
474334.0248,9530389.161
474334.0248,9530390.25
474336.203,9530390.25
474336.203,9530391.339
474337.2921,9530391.339
474337.2921,9530392.428
474338.3812,9530392.428
474338.3812,9530393.517
474340.5594,9530393.517
474340.5594,9530394.607
474341.6485,9530394.607
474341.6485,9530395.696
474342.7376,9530395.696
474342.7376,9530396.785
474344.9158,9530396.785
474344.9158,9530397.874
474346.0049,9530397.874
474346.0049,9530398.963
474347.094,9530398.963
474347.094,9530400.052
474349.2722,9530400.052
474349.2722,9530401.141
474350.3613,9530401.141
474350.3613,9530402.23
474352.5395,9530402.23
474352.5395,9530403.319
474353.6286,9530403.319
474353.6286,9530404.408
474354.7177,9530404.408
474354.7177,9530405.498
474356.8959,9530405.498
474356.8959,9530406.587
474357.985,9530406.587
474357.985,9530407.676
474359.0741,9530407.676
474359.0741,9530408.765
474360.1632,9530408.765
474360.1632,9530409.854
474361.2523,9530409.854
474361.2523,9530410.943
474362.3414,9530410.943
474362.3414,9530412.032
474364.5196,9530412.032
474364.5196,9530413.121
474365.6087,9530413.121
474365.6087,9530414.21
474366.6978,9530414.21
474366.6978,9530415.299
474368.876,9530415.299
474368.876,9530416.389
474369.9651,9530416.389
474369.9651,9530417.478
474372.1433,9530417.478
474372.1433,9530418.567
474373.2324,9530418.567
474373.2324,9530430.547
474389.5689,9530430.547
474389.5689,9530431.636
474392.8362,9530431.636
474392.8362,9530432.725
474395.0144,9530432.725
474395.0144,9530433.814
474399.3708,9530433.814
474399.3708,9530435.992
474407.8855,9530435.992
474407.8855,9530434.903
474422.2419,9530434.903
474422.2419,9530435.992
474437.4893,9530435.992
474437.4893,9530437.081
474439.6675,9530437.081
474439.6675,9530438.171
474453.8258,9530438.171
474453.8258,9530439.26
474459.2713,9530439.26
474459.2713,9530440.349
474460.3604,9530440.349
474475.6078,9530440.349
474475.6078,9530441.438
474476.6969,9530441.438
474476.6969,9530442.527
474477.786,9530442.527
474477.786,9530443.616
474478.8751,9530443.616
474478.8751,9530444.705
474481.0533,9530444.705
474481.0533,9530445.794
474482.1424,9530445.794
474482.1424,9530446.883
474483.2315,9530446.883
474483.2315,9530447.972
474484.3206,9530447.972
474484.3206,9530449.062
474485.4097,9530449.062
474485.4097,9530450.151
474487.5879,9530450.151
474487.5879,9530451.24
474488.677,9530451.24
474488.677,9530452.329
474489.7661,9530452.329
474489.7661,9530453.418
474490.8552,9530453.418
474490.8552,9530454.507
474491.9443,9530454.507
474491.9443,9530455.596
474493.0334,9530455.596
474493.0334,9530456.685
474494.1225,9530456.685
474494.1225,9530458.863
474495.2116,9530458.863
474495.2116,9530459.953
474496.3007,9530459.953
474496.3007,9530461.042
474497.3898,9530461.042
474497.3898,9530462.131
474498.4789,9530462.131
474498.4789,9530463.22
474499.568,9530463.22
474499.568,9530464.309
474500.6571,9530464.309
474500.6571,9530465.398
474501.7462,9530465.398
474501.7462,9530466.487
474502.8353,9530466.487
474502.8353,9530467.576
474503.9244,9530467.576
474503.9244,9530468.665
474505.0135,9530468.665
474505.0135,9530469.754
474506.1026,9530469.754
474506.1026,9530470.844
474507.1917,9530470.844
474507.1917,9530471.933
474508.2808,9530471.933
474508.2808,9530473.022
474509.3699,9530473.022
474509.3699,9530475.2
474510.459,9530475.2
474510.459,9530476.289
474511.5481,9530476.289
474511.5481,9530477.378
474512.6372,9530477.378
474512.6372,9530478.467
474513.7263,9530478.467
474513.7263,9530492.626
474514.8154,9530492.626
474514.8154,9530493.715
474518.0827,9530493.715
474518.0827,9530494.804
474522.4391,9530494.804
474522.4391,9530495.893
474525.7064,9530495.893
474525.7064,9530496.982
474528.9737,9530496.982
474528.9737,9530498.071
474531.1519,9530498.071
474531.1519,9530499.16
474533.3301,9530499.16
474533.3301,9530500.249
474534.4192,9530500.249
474534.4192,9530501.338
474535.5083,9530501.338
474535.5083,9530502.427
474536.5974,9530502.427
474536.5974,9530503.517
474537.6865,9530503.517
474537.6865,9530504.606
474538.7756,9530504.606
474538.7756,9530505.695
474539.8647,9530505.695
474539.8647,9530506.784
474540.9538,9530506.784
474540.9538,9530508.962
474542.0429,9530508.962
474542.0429,9530510.051
474543.132,9530510.051
474543.132,9530511.14
474544.2211,9530511.14
474544.2211,9530512.229
474545.3102,9530512.229
474545.3102,9530513.318
474546.3993,9530513.318
474546.3993,9530514.408
474547.4884,9530514.408
474547.4884,9530515.497
474548.5775,9530515.497
474548.5775,9530516.586
474549.6666,9530516.586
474550.5576,9530516.586
474550.5576,9530515.497
474551.6467,9530515.497
474551.6467,9530514.408
474552.7358,9530514.408
474552.7358,9530513.318
474553.8249,9530513.318
474553.8249,9530512.229
474554.914,9530512.229
474554.914,9530511.14
474568.1813,9530511.14
474568.1813,9530512.229
474573.6268,9530512.229
474573.6268,9530513.318
474575.805,9530513.318
474575.805,9530514.408
474576.8941,9530514.408
474576.8941,9530515.497
474577.9832,9530515.497
474577.9832,9530516.586
474579.0723,9530516.586
474579.0723,9530517.675
474581.2505,9530517.675
474581.2505,9530518.764
474582.3396,9530518.764
474588.8742,9530518.764
474588.8742,9530519.853
474589.9633,9530519.853
474589.9633,9530520.942
474592.1415,9530520.942
474592.1415,9530522.031
474593.2306,9530522.031
474593.2306,9530523.12
474594.3197,9530523.12
474594.3197,9530524.209
474596.4979,9530524.209
474596.4979,9530525.299
474597.587,9530525.299
474597.587,9530526.388
474598.6761,9530526.388
474598.6761,9530527.477
474600.8543,9530527.477
474600.8543,9530528.566
474601.9434,9530528.566
474601.9434,9530529.655
474603.0325,9530529.655
474603.0325,9530530.744
474605.2107,9530530.744
474605.2107,9530531.833
474606.2998,9530531.833
474606.2998,9530532.922
474607.3889,9530532.922
474607.3889,9530534.011
474609.369,9530534.011
474610.4581,9530534.011
474610.4581,9530532.922
474611.5472,9530532.922
474611.5472,9530531.833
474612.6363,9530531.833
474612.6363,9530530.744
474613.7254,9530530.744
474613.7254,9530529.655
474614.8145,9530529.655
474614.8145,9530528.566
474615.9036,9530528.566
474615.9036,9530526.388
474616.9927,9530526.388
474616.9927,9530525.299
474618.0818,9530525.299
474618.0818,9530524.209
474619.1709,9530524.209
474619.1709,9530523.12
474620.26,9530523.12
474620.26,9530520.942
474621.3491,9530520.942
474621.3491,9530519.853
474622.4382,9530519.853
474622.4382,9530518.764
474623.5273,9530518.764
474623.5273,9530517.675
474624.6164,9530517.675
474624.6164,9530515.497
474625.7055,9530515.497
474625.7055,9530514.408
474626.7946,9530514.408
474626.7946,9530513.318
474627.8837,9530513.318
474627.8837,9530511.14
474630.0619,9530511.14
474630.0619,9530510.051
474635.5074,9530510.051
474635.5074,9530508.962
474640.9529,9530508.962
474640.9529,9530507.873
474646.3984,9530507.873
474646.3984,9530506.784
474648.5766,9530506.784
474648.5766,9530505.695
474652.933,9530505.695
474652.933,9530504.606
474658.3785,9530504.606
474658.3785,9530503.517
474662.7349,9530503.517
474662.7349,9530502.427
474668.1804,9530502.427
474668.1804,9530501.338
474672.5368,9530501.338
474672.5368,9530500.249
474676.8932,9530500.249
474676.8932,9530499.16
474677.9823,9530499.16
474677.9823,9530498.071
474680.1605,9530498.071
474680.1605,9530496.982
474684.5169,9530496.982
474684.5169,9530495.893
474688.8733,9530495.893
474688.8733,9530494.804
474694.3188,9530494.804
474694.3188,9530493.715
474695.4079,9530493.715
474695.4079,9530475.2
474696.497,9530475.2
474696.497,9530474.111
474698.6752,9530474.111
474698.6752,9530473.022
474699.7643,9530473.022
474699.7643,9530471.933
474700.8534,9530471.933
474700.8534,9530470.844
474703.0316,9530470.844
474703.0316,9530469.754
474704.1207,9530469.754
474704.1207,9530468.665
474705.2098,9530468.665
474705.2098,9530467.576
474707.388,9530467.576
474707.388,9530466.487
474708.4771,9530466.487
474708.4771,9530465.398
474710.6553,9530465.398
474710.6553,9530464.309
474711.7444,9530464.309
474711.7444,9530463.22
474713.9226,9530463.22
474713.9226,9530462.131
474715.0117,9530462.131
474715.0117,9530461.042
474717.1899,9530461.042
474717.1899,9530459.953
474718.279,9530459.953
474718.279,9530458.863
474720.4572,9530458.863
474720.4572,9530457.774
474722.6354,9530457.774
474722.6354,9530456.685
474723.7245,9530456.685
474723.7245,9530455.596
474725.9027,9530455.596
474725.9027,9530454.507
474726.9918,9530454.507
474726.9918,9530453.418
474729.17,9530453.418
474729.17,9530452.329
474731.3482,9530452.329
474731.3482,9530451.24
474732.4373,9530451.24
474732.4373,9530450.151
474734.6155,9530450.151
474734.6155,9530449.062
474736.7937,9530449.062
474736.7937,9530447.972
474738.9719,9530447.972
474738.9719,9530446.883
474740.061,9530446.883
474740.061,9530445.794
474742.2392,9530445.794
474742.2392,9530444.705
474749.4174,9530444.705
474755.5065,9530444.705
474755.5065,9530445.794
474757.6847,9530445.794
474757.6847,9530446.883
474758.7738,9530446.883
474758.7738,9530447.972
474759.6648,9530447.972
474760.7539,9530447.972
474760.7539,9530445.794
474761.843,9530445.794
474761.843,9530444.705
474762.9321,9530444.705
474762.9321,9530443.616
474764.0212,9530443.616
474764.0212,9530441.438
474765.1103,9530441.438
474765.1103,9530440.349
474766.1994,9530440.349
474766.1994,9530439.26
474767.2885,9530439.26
474767.2885,9530438.171
474768.3776,9530438.171
474768.3776,9530435.992
474769.4667,9530435.992
474769.4667,9530434.903
474770.5558,9530434.903
474770.5558,9530433.814
474771.6449,9530433.814
474771.6449,9530431.636
474772.734,9530431.636
474772.734,9530430.547
474774.9122,9530430.547
474774.9122,9530429.458
474776.0013,9530429.458
474776.0013,9530428.369
474777.0904,9530428.369
474777.0904,9530427.28
474778.1795,9530427.28
474778.1795,9530425.101
474779.2686,9530425.101
474779.2686,9530424.012
474780.3577,9530424.012
474780.3577,9530422.923
474781.4468,9530422.923
474781.4468,9530420.745
474782.5359,9530420.745
474782.5359,9530419.656
474783.625,9530419.656
474783.625,9530418.567
474784.7141,9530418.567
474784.7141,9530417.478
474785.8032,9530417.478
474785.8032,9530416.389
474786.8923,9530416.389
474786.8923,9530415.299
474787.9814,9530415.299
474787.9814,9530414.21
474789.0705,9530414.21
474789.0705,9530413.121
474790.1596,9530413.121
474790.1596,9530412.032
474791.2487,9530412.032
474791.2487,9530410.943
474792.3378,9530410.943
474792.3378,9530409.854
474793.4269,9530409.854
474793.4269,9530408.765
474794.516,9530408.765
474794.516,9530407.676
474795.6051,9530407.676
474795.6051,9530406.587
474796.6942,9530406.587
474796.6942,9530405.498
474797.7833,9530405.498
474797.7833,9530403.319
474798.8724,9530403.319
474798.8724,9530402.23
474799.9615,9530402.23
474799.9615,9530401.141
474801.0506,9530401.141
474801.0506,9530400.052
474802.1397,9530400.052
474802.1397,9530398.963
474803.2288,9530398.963
474803.2288,9530397.874
474804.3179,9530397.874
474804.3179,9530396.785
474805.407,9530396.785
474805.407,9530395.696
474806.4961,9530395.696
474806.4961,9530394.607
474807.5852,9530394.607
474807.5852,9530392.428
474808.6743,9530392.428
474808.6743,9530391.339
474809.7634,9530391.339
474809.7634,9530390.25
474810.8525,9530390.25
474810.8525,9530389.161
474811.9416,9530389.161
474811.9416,9530388.072
474813.0307,9530388.072
474813.0307,9530386.983
474814.1198,9530386.983
474814.1198,9530385.894
474815.2089,9530385.894
474815.2089,9530383.716
474816.298,9530383.716
474816.298,9530382.626
474817.3871,9530382.626
474817.3871,9530381.537
474818.4762,9530381.537
474818.4762,9530380.448
474819.5653,9530380.448
474819.5653,9530377.181
474820.6544,9530377.181
474820.6544,9530375.003
474821.7435,9530375.003
474821.7435,9530373.914
474822.8326,9530373.914
474822.8326,9530372.825
474823.9217,9530372.825
474823.9217,9530370.646
474825.0108,9530370.646
474825.0108,9530369.557
474826.0999,9530369.557
474826.0999,9530367.379
474827.189,9530367.379
474827.189,9530366.29
474828.2781,9530366.29
474828.2781,9530365.201
474829.3672,9530365.201
474829.3672,9530364.112
474830.4563,9530364.112
474830.4563,9530361.934
474831.5454,9530361.934
474831.5454,9530360.844
474832.6345,9530360.844
474832.6345,9530358.666
474833.7236,9530358.666
474833.7236,9530357.577
474834.8127,9530357.577
474834.8127,9530355.399
474835.9018,9530355.399
474835.9018,9530351.043
474836.9909,9530351.043
474836.9909,9530347.775
474838.08,9530347.775
474838.08,9530345.597
474839.1691,9530345.597
474839.1691,9530343.419
474840.2582,9530343.419
474840.2582,9530341.241
474841.3473,9530341.241
474841.3473,9530339.062
474842.4364,9530339.062
474842.4364,9530337.973
474843.5255,9530337.973
474843.5255,9530337.082
474843.5255,9530335.993
474842.4364,9530335.993
474842.4364,9530334.904
474840.2582,9530334.904
474840.2582,9530333.815
474839.1691,9530333.815
474839.1691,9530332.726
474836.9909,9530332.726
474836.9909,9530331.637
474835.9018,9530331.637
474835.9018,9530330.548
474833.7236,9530330.548
474833.7236,9530329.459
474832.6345,9530329.459
474832.6345,9530328.37
474830.4563,9530328.37
474830.4563,9530327.28
474828.2781,9530327.28
474828.2781,9530326.191
474826.0999,9530326.191
474826.0999,9530311.835
474827.189,9530311.835
474827.189,9530309.855
474826.0999,9530309.855
474826.0999,9530308.766
474823.9217,9530308.766
474823.9217,9530307.677
474821.7435,9530307.677
474821.7435,9530306.588
474820.6544,9530306.588
474820.6544,9530305.498
474818.4762,9530305.498
474818.4762,9530304.409
474816.298,9530304.409
474816.298,9530303.32
474814.1198,9530303.32
474814.1198,9530302.231
474813.0307,9530302.231
474813.0307,9530301.142
474811.9416,9530301.142
474811.9416,9530288.964
474813.0307,9530288.964
474813.0307,9530287.875
474814.1198,9530287.875
474814.1198,9530286.786
474816.298,9530286.786
474816.298,9530285.697
474817.3871,9530285.697
474817.3871,9530284.607
474818.4762,9530284.607
474818.4762,9530283.518
474819.5653,9530283.518
474819.5653,9530282.429
474820.6544,9530282.429
474820.6544,9530278.073
474833.9217,9530278.073
474833.9217,9530279.162
474840.2582,9530279.162
474841.3473,9530279.162
474841.3473,9530278.073
474842.4364,9530278.073
474842.4364,9530276.984
474843.5255,9530276.984
474843.5255,9530275.895
474844.6146,9530275.895
474844.6146,9530274.806
474845.7037,9530274.806
474845.7037,9530273.716
474846.7928,9530273.716
474846.7928,9530270.449
474847.8819,9530270.449
474847.8819,9530268.271
474848.971,9530268.271
474848.971,9530265.004
474850.0601,9530265.004
474850.0601,9530262.825
474851.1492,9530262.825
474851.1492,9530260.647
474852.2383,9530260.647
474852.2383,9530257.38
474853.3274,9530257.38
474853.3274,9530255.202
474854.4165,9530255.202
474854.4165,9530250.845
474855.5056,9530250.845
474855.5056,9530247.578
474856.5947,9530247.578
474856.5947,9530245.4
474857.6838,9530245.4
474857.6838,9530243.222
474858.7729,9530243.222
474858.7729,9530242.133
474859.862,9530242.133
474859.862,9530241.043
474860.9511,9530241.043
474860.9511,9530238.865
474862.0402,9530238.865
474862.0402,9530237.776
474864.2184,9530237.776
474864.2184,9530236.687
474865.3075,9530236.687
474865.3075,9530235.598
474866.3966,9530235.598
474866.3966,9530234.509
474868.5748,9530234.509
474868.5748,9530233.42
474869.6639,9530233.42
474869.6639,9530232.331
474871.8421,9530232.331
474871.8421,9530231.242
474874.0203,9530231.242
474874.0203,9530230.152
474875.1094,9530230.152
474875.1094,9530229.063
474877.2876,9530229.063
474877.2876,9530227.974
474879.4658,9530227.974
474879.4658,9530226.885
474880.5549,9530226.885
474880.5549,9530225.796
474881.644,9530225.796
474881.644,9530224.707
474883.8222,9530224.707
474883.8222,9530223.618
474884.9113,9530223.618
474884.9113,9530222.529
474886.0004,9530222.529
474886.0004,9530220.351
474887.0895,9530220.351
474887.0895,9530219.261
474888.1786,9530219.261
474888.1786,9530218.172
474889.2677,9530218.172
474889.2677,9530217.083
474890.3568,9530217.083
474890.3568,9530215.994
474891.4459,9530215.994
474891.4459,9530213.816
474892.535,9530213.816
474892.535,9530212.727
474893.6241,9530212.727
474893.6241,9530211.638
474895.8023,9530211.638
474895.8023,9530209.46
474896.8914,9530209.46
474896.8914,9530208.37
474897.9805,9530208.37
474897.9805,9530207.281
474899.0696,9530207.281
474899.0696,9530205.103
474900.1587,9530205.103
474900.1587,9530204.014
474901.2478,9530204.014
474901.2478,9530202.925
474902.3369,9530202.925
474902.3369,9530201.836
474904.5151,9530201.836
474904.5151,9530200.747
474905.6042,9530200.747
474905.6042,9530199.658
474907.7824,9530199.658
474907.7824,9530198.569
474911.0497,9530198.569
474911.0497,9530197.479
474912.1388,9530197.479
474912.1388,9530196.39
474913.2279,9530196.39
474913.2279,9530195.301
474914.317,9530195.301
474914.317,9530193.123
474916.4952,9530193.123
474916.4952,9530192.034
474919.7625,9530192.034
474919.7625,9530190.945
474923.0298,9530190.945
474923.0298,9530189.856
474924.1189,9530189.856
474924.1189,9530188.767
474925.208,9530188.767
474925.208,9530187.678
474926.2971,9530187.678
474926.2971,9530186.588
474927.3862,9530186.588
474927.3862,9530185.499
474928.4753,9530185.499
474928.4753,9530184.41
474929.5644,9530184.41
474929.5644,9530182.232
474930.6535,9530182.232
474930.6535,9530181.143
474931.7426,9530181.143
474931.7426,9530180.054
474932.8317,9530180.054
474932.8317,9530178.965
474933.9208,9530178.965
474933.9208,9530177.876
474935.0099,9530177.876
474935.0099,9530176.787
474936.099,9530176.787
474936.099,9530175.697
474937.1881,9530175.697
474937.1881,9530174.608
474938.2772,9530174.608
474938.2772,9530173.519
474939.3663,9530173.519
474939.3663,9530172.43
474940.4554,9530172.43
474940.4554,9530171.341
474941.5445,9530171.341
474941.5445,9530169.163
474942.6336,9530169.163
474942.6336,9530166.985
474943.7227,9530166.985
474943.7227,9530165.896
474944.8118,9530165.896
474944.8118,9530164.806
474945.9009,9530164.806
474945.9009,9530162.628
474946.99,9530162.628
474946.99,9530161.539
474948.0791,9530161.539
474948.0791,9530159.361
474949.1682,9530159.361
474949.1682,9530158.272
474950.2573,9530158.272
474950.2573,9530157.183
474951.3464,9530157.183
474951.3464,9530155.005
474952.4355,9530155.005
474952.4355,9530153.915
474953.5246,9530153.915
474953.5246,9530152.826
474954.6137,9530152.826
474954.6137,9530151.737
474955.7028,9530151.737
474955.7028,9530150.648
474956.7919,9530150.648
474956.7919,9530149.559
474957.881,9530149.559
474957.881,9530148.47
474958.9701,9530148.47
474958.9701,9530147.381
474960.0592,9530147.381
474960.0592,9530146.292
474961.1483,9530146.292
474961.1483,9530145.203
474962.2374,9530145.203
474962.2374,9530144.114
474964.4156,9530144.114
474964.4156,9530143.024
474965.5047,9530143.024
474965.5047,9530140.846
474966.5938,9530140.846
474966.5938,9530139.757
474967.6829,9530139.757
474967.6829,9530137.579
474968.772,9530137.579
474968.772,9530136.49
474969.8611,9530136.49
474969.8611,9530135.401
474970.9502,9530135.401
474970.9502,9530134.312
474976.3957,9530134.312
474976.3957,9530133.223
474984.0194,9530133.223
474984.0194,9530132.133
474991.6431,9530132.133
474991.6431,9530131.044
474999.2668,9530131.044
474999.2668,9530129.955
475016.8905,9530129.955
475016.8905,9530131.044
475017.9796,9530131.044
475017.9796,9530132.133
475019.9597,9530132.133
475022.1379,9530132.133
475022.1379,9530131.044
475023.227,9530131.044
475023.227,9530129.955
475024.3161,9530129.955
475024.3161,9530128.866
475025.4052,9530128.866
475025.4052,9530127.777
475027.5834,9530127.777
475027.5834,9530126.688
475028.6725,9530126.688
475028.6725,9530125.599
475029.7616,9530125.599
475029.7616,9530124.51
475031.9398,9530124.51
475031.9398,9530123.421
475033.0289,9530123.421
475033.0289,9530122.332
475034.118,9530122.332
475034.118,9530121.242
475038.4744,9530121.242
475038.4744,9530120.153
475041.7417,9530120.153
475041.7417,9530119.064
475042.8308,9530119.064
475042.8308,9530117.975
475043.9199,9530117.975
475043.9199,9530116.886
475045.009,9530116.886
475045.009,9530115.797
475046.0981,9530115.797
475046.0981,9530114.708
475047.1872,9530114.708
475047.1872,9530113.619
475048.2763,9530113.619
475048.2763,9530112.53
475049.3654,9530112.53
475049.3654,9530111.441
475050.4545,9530111.441
475050.4545,9530110.351
475051.5436,9530110.351
475051.5436,9530109.262
475052.6327,9530109.262
475052.6327,9530108.173
475053.7218,9530108.173
475053.7218,9530107.084
475054.8109,9530107.084
475054.8109,9530105.995
475055.9,9530105.995
475055.9,9530104.906
475056.9891,9530104.906
475056.9891,9530103.817
475058.0782,9530103.817
475058.0782,9530101.639
475059.1673,9530101.639
475059.1673,9530100.55
475060.2564,9530100.55
475060.2564,9530099.46
475061.3455,9530099.46
475061.3455,9530098.371
475062.4346,9530098.371
475062.4346,9530097.282
475063.5237,9530097.282
475063.5237,9530095.104
475064.6128,9530095.104
475064.6128,9530094.015
475065.7019,9530094.015
475065.7019,9530092.926
475066.791,9530092.926
475066.791,9530091.837
475067.8801,9530091.837
475067.8801,9530089.659
475068.9692,9530089.659
475068.9692,9530088.569
475070.0583,9530088.569
475070.0583,9530087.48
475071.1474,9530087.48
475071.1474,9530086.391
475072.2365,9530086.391
475072.2365,9530085.302
475073.3256,9530085.302
475073.3256,9530083.124
475074.4147,9530083.124
475074.4147,9530082.035
475075.5038,9530082.035
475075.5038,9530080.946
475076.5929,9530080.946
475076.5929,9530079.857
475077.682,9530079.857
475077.682,9530076.589
475078.7711,9530076.589
475078.7711,9530075.5
475079.8602,9530075.5
475079.8602,9530074.411
475080.9493,9530074.411
475080.9493,9530073.322
475082.0384,9530073.322
475082.0384,9530072.233
475083.1275,9530072.233
475083.1275,9530071.144
475084.2166,9530071.144
475084.2166,9530070.055
475085.3057,9530070.055
475085.3057,9530068.966
475086.3948,9530068.966
475086.3948,9530067.877
475087.4839,9530067.877
475087.4839,9530066.787
475088.573,9530066.787
475088.573,9530064.609
475089.6621,9530064.609
475089.6621,9530063.52
475090.7512,9530063.52
475090.7512,9530062.431
475091.8403,9530062.431
475091.8403,9530061.342
475092.9294,9530061.342
475092.9294,9530060.253
475094.0185,9530060.253
475094.0185,9530059.164
475095.1076,9530059.164
475095.1076,9530058.075
475096.1967,9530058.075
475096.1967,9530055.896
475097.2858,9530055.896
475097.2858,9530054.807
475098.3749,9530054.807
475098.3749,9530053.718
475099.464,9530053.718
475099.464,9530052.629
475100.5531,9530052.629
475100.5531,9530051.54
475101.6422,9530051.54
475101.6422,9530049.362
475102.7313,9530049.362
475102.7313,9530048.273
475103.8204,9530048.273
475103.8204,9530047.184
475104.9095,9530047.184
475104.9095,9530046.095
475105.9986,9530046.095
475105.9986,9530045.005
475107.0877,9530045.005
475107.0877,9530043.916
475108.1768,9530043.916
475108.1768,9530042.827
475109.2659,9530042.827
475109.2659,9530040.649
475110.355,9530040.649
475110.355,9530039.56
475111.4441,9530039.56
475111.4441,9530038.471
475112.5332,9530038.471
475112.5332,9530037.382
475113.6223,9530037.382
475113.6223,9530036.293
475114.7114,9530036.293
475114.7114,9530035.204
475115.8005,9530035.204
475115.8005,9530034.114
475116.8896,9530034.114
475116.8896,9530033.025
475117.9787,9530033.025
475117.9787,9530031.936
475117.9787,9530028.669
475119.0678,9530028.669
475119.0678,9530027.58
475120.1569,9530027.58
475120.1569,9530026.491
475121.246,9530026.491
475121.246,9530025.402
475122.3351,9530025.402
475122.3351,9530024.313
475123.4242,9530024.313
475123.4242,9530023.223
475124.5133,9530023.223
475124.5133,9530022.134
475125.6024,9530022.134
475125.6024,9530021.045
475126.6915,9530021.045
475126.6915,9530019.956
475127.7806,9530019.956
475127.7806,9530019.065
475126.6915,9530019.065
475126.6915,9530017.976
475125.6024,9530017.976
475125.6024,9530016.887
475123.4242,9530016.887
475123.4242,9530015.798
475122.3351,9530015.798
475122.3351,9530014.709
475121.246,9530014.709
475121.246,9530013.62
475120.1569,9530013.62
475120.1569,9530012.531
475119.0678,9530012.531
475119.0678,9530011.441
475117.9787,9530011.441
475117.9787,9530010.352
475116.8896,9530010.352
475116.8896,9530009.263
475115.8005,9530009.263
475115.8005,9530008.174
475113.6223,9530008.174
475113.6223,9529994.907
475114.7114,9529994.907
475114.7114,9529993.818
475116.8896,9529993.818
475116.8896,9529992.729
475117.9787,9529992.729
475117.9787,9529991.64
475120.1569,9529991.64
475120.1569,9529990.55
475121.246,9529990.55
475121.246,9529989.461
475122.3351,9529989.461
475122.3351,9529988.372
475124.5133,9529988.372
475124.5133,9529987.283
475125.6024,9529987.283
475125.6024,9529986.194
475126.6915,9529986.194
475126.6915,9529985.105
475127.7806,9529985.105
475127.7806,9529984.016
475128.8697,9529984.016
475128.8697,9529982.927
475129.9588,9529982.927
475129.9588,9529981.838
475131.0479,9529981.838
475131.0479,9529980.749
475132.137,9529980.749
475132.137,9529979.659
475133.2261,9529979.659
475133.2261,9529978.57
475134.3152,9529978.57
475134.3152,9529977.481
475135.4043,9529977.481
475135.4043,9529975.303
475136.4934,9529975.303
475136.4934,9529974.214
475137.5825,9529974.214
475137.5825,9529973.125
475138.6716,9529973.125
475138.6716,9529972.234
475138.6716,9529968.967
475137.5825,9529968.967
475137.5825,9529966.788
475136.4934,9529966.788
475136.4934,9529963.521
475135.4043,9529963.521
475135.4043,9529961.343
475134.3152,9529961.343
475134.3152,9529959.165
475133.2261,9529959.165
475133.2261,9529958.076
475132.137,9529958.076
475132.137,9529955.897
475131.0479,9529955.897
475131.0479,9529954.808
475129.9588,9529954.808
475129.9588,9529953.719
475128.8697,9529953.719
475128.8697,9529951.541
475126.6915,9529951.541
475126.6915,9529944.363
475126.6915,9529937.185
475128.8697,9529937.185
475128.8697,9529936.095
475129.9588,9529936.095
475129.9588,9529934.115
475129.9588,9529933.026
475128.8697,9529933.026
475128.8697,9529931.937
475127.7806,9529931.937
475127.7806,9529930.848
475126.6915,9529930.848
475126.6915,9529929.759
475125.6024,9529929.759
475125.6024,9529927.581
475124.5133,9529927.581
475124.5133,9529926.492
475123.4242,9529926.492
475123.4242,9529925.403
475122.3351,9529925.403
475122.3351,9529923.224
475121.246,9529923.224
475121.246,9529922.135
475120.1569,9529922.135
475120.1569,9529921.046
475119.0678,9529921.046
475119.0678,9529919.957
475117.9787,9529919.957
475117.9787,9529918.868
475116.8896,9529918.868
475116.8896,9529917.779
475115.8005,9529917.779
475115.8005,9529916.69
475114.7114,9529916.69
475114.7114,9529915.601
475113.6223,9529915.601
475113.6223,9529914.512
475112.5332,9529914.512
475112.5332,9529913.422
475111.4441,9529913.422
475111.4441,9529900.155
475112.5332,9529900.155
475112.5332,9529896.888
475113.6223,9529896.888
475113.6223,9529894.71
475114.7114,9529894.71
475114.7114,9529891.442
475115.8005,9529891.442
475115.8005,9529889.264
475116.8896,9529889.264
475116.8896,9529885.997
475117.9787,9529885.997
475117.9787,9529883.819
475119.0678,9529883.819
475119.0678,9529880.551
475120.1569,9529880.551
475120.1569,9529877.284
475121.246,9529877.284
475121.246,9529874.017
475122.3351,9529874.017
475122.3351,9529868.571
475123.4242,9529868.571
475123.4242,9529866.393
475124.5133,9529866.393
475124.5133,9529865.304
475125.6024,9529865.304
475125.6024,9529863.126
475126.6915,9529863.126
475126.6915,9529862.037
475127.7806,9529862.037
475127.7806,9529860.948
475128.8697,9529860.948
475128.8697,9529859.858
475129.9588,9529859.858
475129.9588,9529858.769
475131.0479,9529858.769
475131.0479,9529857.68
475132.137,9529857.68
475132.137,9529855.502
475133.2261,9529855.502
475133.2261,9529854.413
475134.3152,9529854.413
475134.3152,9529853.324
475135.4043,9529853.324
475135.4043,9529852.235
475136.4934,9529852.235
475136.4934,9529851.146
475137.5825,9529851.146
475137.5825,9529850.057
475138.6716,9529850.057
475138.6716,9529849.166
475137.5825,9529849.166
475137.5825,9529848.076
475135.4043,9529848.076
475135.4043,9529846.987
475133.2261,9529846.987
475133.2261,9529845.898
475131.0479,9529845.898
475131.0479,9529844.809
475129.9588,9529844.809
475129.9588,9529837.631
475129.9588,9529830.453
475131.0479,9529830.453
475131.0479,9529827.185
475132.137,9529827.185
475132.137,9529826.096
475133.2261,9529826.096
475133.2261,9529820.651
475134.3152,9529820.651
475134.3152,9529816.294
475135.4043,9529816.294
475135.4043,9529813.027
475136.4934,9529813.027
475136.4934,9529808.671
475137.5825,9529808.671
475137.5825,9529806.493
475140.8498,9529806.493
475140.8498,9529804.314
475141.9389,9529804.314
475141.9389,9529802.136
475143.028,9529802.136
475143.028,9529799.958
475144.1171,9529799.958
475144.1171,9529796.691
475145.2062,9529796.691
475145.2062,9529793.423
475146.2953,9529793.423
475146.2953,9529789.067
475147.3844,9529789.067
475147.3844,9529785.8
475148.4735,9529785.8
475148.4735,9529783.621
475149.5626,9529783.621
475149.5626,9529782.532
475149.5626,9529782.087
475149.5626,9529775.998
475150.6517,9529775.998
475150.6517,9529773.82
475151.7408,9529773.82
475151.7408,9529770.552
475152.8299,9529770.552
475152.8299,9529767.285
475153.919,9529767.285
475153.919,9529764.018
475155.0081,9529764.018
475155.0081,9529759.661
475156.0972,9529759.661
475156.0972,9529756.394
475157.1863,9529756.394
475157.1863,9529753.127
475158.2754,9529753.127
475158.2754,9529749.859
475159.3645,9529749.859
475159.3645,9529746.592
475160.4536,9529746.592
475160.4536,9529740.057
475161.5427,9529740.057
475161.5427,9529736.79
475162.6318,9529736.79
475162.6318,9529733.523
475163.7209,9529733.523
475163.7209,9529729.166
475164.81,9529729.166
475164.81,9529726.988
475168.0773,9529726.988
475168.0773,9529722.632
475169.1664,9529722.632
475169.1664,9529718.275
475170.2555,9529718.275
475170.2555,9529712.83
475171.3446,9529712.83
475171.3446,9529707.384
475172.4337,9529707.384
475172.4337,9529703.028
475173.5228,9529703.028
475173.5228,9529696.493
475174.6119,9529696.493
475174.6119,9529692.137
475175.701,9529692.137
475175.701,9529688.87
475176.7901,9529688.87
475176.7901,9529685.602
475177.8792,9529685.602
475177.8792,9529682.335
475178.9683,9529682.335
475178.9683,9529677.979
475180.0574,9529677.979
475180.0574,9529672.533
475181.1465,9529672.533
475181.1465,9529667.088
475182.2356,9529667.088
475182.2356,9529662.731
475185.5029,9529662.731
475186.592,9529662.731
475186.592,9529660.553
475187.6811,9529660.553
475187.6811,9529658.375
475188.7702,9529658.375
475188.7702,9529655.108
475189.8593,9529655.108
475189.8593,9529652.929
475190.9484,9529652.929
475190.9484,9529650.751
475192.0375,9529650.751
475192.0375,9529649.662
475193.1266,9529649.662
475193.1266,9529647.484
475194.2157,9529647.484
475194.2157,9529645.306
475195.3048,9529645.306
475195.3048,9529642.038
475196.3939,9529642.038
475196.3939,9529638.771
475197.483,9529638.771
475197.483,9529635.504
475211.8394,9529635.504
475211.8394,9529636.593
475212.7304,9529636.593
475212.7304,9529635.504
475213.8195,9529635.504
475213.8195,9529632.237
475214.9086,9529632.237
475214.9086,9529630.058
475215.9977,9529630.058
475215.9977,9529627.88
475217.0868,9529627.88
475217.0868,9529625.702
475218.1759,9529625.702
475218.1759,9529624.613
475219.265,9529624.613
475219.265,9529623.524
475220.3541,9529623.524
475220.3541,9529621.346
475221.4432,9529621.346
475221.4432,9529620.256
475222.5323,9529620.256
475222.5323,9529618.078
475223.6214,9529618.078
475223.6214,9529615.9
475224.7105,9529615.9
475224.7105,9529613.722
475225.7996,9529613.722
475225.7996,9529611.544
475226.8887,9529611.544
475226.8887,9529608.276
475227.9778,9529608.276
475227.9778,9529605.009
475229.0669,9529605.009
475229.0669,9529602.831
475230.156,9529602.831
475230.156,9529599.564
475231.2451,9529599.564
475231.2451,9529598.474
475232.3342,9529598.474
475232.3342,9529596.296
475233.4233,9529596.296
475233.4233,9529595.207
475234.5124,9529595.207
475234.5124,9529594.118
475238.8688,9529594.118
475238.8688,9529593.029
475239.9579,9529593.029
475239.9579,9529591.94
475241.047,9529591.94
475241.047,9529590.851
475242.1361,9529590.851
475242.1361,9529589.762
475243.2252,9529589.762
475243.2252,9529588.673
475244.3143,9529588.673
475244.3143,9529587.583
475245.4034,9529587.583
475245.4034,9529585.405
475246.4925,9529585.405
475246.4925,9529584.316
475247.5816,9529584.316
475247.5816,9529583.227
475254.1162,9529583.227
475255.2053,9529583.227
475255.2053,9529582.138
475256.2944,9529582.138
475256.2944,9529581.049
475257.3835,9529581.049
475257.3835,9529579.96
475258.4726,9529579.96
475258.4726,9529578.871
475259.5617,9529578.871
475259.5617,9529577.782
475260.6508,9529577.782
475260.6508,9529576.692
475261.7399,9529576.692
475261.7399,9529575.603
475262.829,9529575.603
475262.829,9529574.514
475263.9181,9529574.514
475263.9181,9529572.336
475265.0072,9529572.336
475265.0072,9529571.247
475266.0963,9529571.247
475266.0963,9529569.069
475267.1854,9529569.069
475267.1854,9529566.891
475268.2745,9529566.891
475268.2745,9529564.712
475268.2745,9529537.039
475268.2745,9529521.346
475267.1854,9529521.346
475267.1854,9529475.604
475266.0963,9529475.604
475266.0963,9529446.644
475266.0963,9529428.773
475265.0072,9529428.773
475265.0072,9529413.971
475265.0072,9529407.436
475265.0072,9529381.942
475263.9181,9529381.942
475263.9181,9529375.853
475263.9181,9529370.407
475263.9181,9529362.783
475263.9181,9529350.803
475263.9181,9529335.11
475262.829,9529335.11
475262.829,9529288.279
475261.7399,9529288.279
475261.7399,9529241.448
475260.6508,9529241.448
475260.6508,9529194.616
475259.5617,9529194.616
475259.5617,9529148.874
475258.4726,9529148.874
475258.4726,9529119.914
475258.4726,9529102.043
475257.3835,9529102.043
475257.3835,9529055.212
475256.2944,9529055.212
475256.2944,9529034.519
475255.2053,9529034.519
475255.2053,9529033.43
475254.1162,9529033.43
475254.1162,9529032.341
475253.0271,9529032.341
475253.0271,9529030.162
475251.938,9529030.162
475251.938,9529029.073
475249.7598,9529029.073
475249.7598,9529027.984
475248.6707,9529027.984
475248.6707,9529026.895
475247.5816,9529026.895
475247.5816,9529024.717
475246.4925,9529024.717
475246.4925,9529023.628
475245.4034,9529023.628
475245.4034,9529021.45
475244.3143,9529021.45
475244.3143,9529020.36
475243.2252,9529020.36
475243.2252,9529019.271
475242.1361,9529019.271
475242.1361,9529018.182
475241.047,9529018.182
475241.047,9529017.093
475239.9579,9529017.093
475239.9579,9529016.004
475238.8688,9529016.004
475238.8688,9529014.915
475236.6906,9529014.915
475236.6906,9529013.826
475235.6015,9529013.826
475235.6015,9529012.737
475234.5124,9529012.737
475234.5124,9529011.648
475233.4233,9529011.648
475233.4233,9529010.559
475232.3342,9529010.559
475232.3342,9529008.38
475231.2451,9529008.38
475231.2451,9529006.202
475230.156,9529006.202
475230.156,9529004.024
475229.0669,9529004.024
475229.0669,9529001.846
475227.9778,9529001.846
475227.9778,9529000.757
475226.8887,9529000.757
475226.8887,9528998.578
475225.7996,9528998.578
475225.7996,9528997.489
475224.7105,9528997.489
475224.7105,9528996.4
475223.6214,9528996.4
475223.6214,9528994.222
475222.5323,9528994.222
475222.5323,9528992.044
475221.4432,9528992.044
475221.4432,9528986.598
475220.3541,9528986.598
475220.3541,9528985.509
475219.265,9528985.509
475219.265,9528983.331
475218.1759,9528983.331
475218.1759,9528981.153
475217.0868,9528981.153
475217.0868,9528977.886
475215.9977,9528977.886
475215.9977,9528974.618
475214.9086,9528974.618
475214.9086,9528972.44
475213.8195,9528972.44
475213.8195,9528970.262
475212.7304,9528970.262
475212.7304,9528969.173
475211.6413,9528969.173
475211.6413,9528968.084
475210.5522,9528968.084
475210.5522,9528965.905
475207.2849,9528965.905
475207.2849,9528962.638
475205.1067,9528962.638
475205.1067,9528961.549
475204.0176,9528961.549
475204.0176,9528960.46
475202.9285,9528960.46
475202.9285,9528959.371
475200.7503,9528959.371
475200.7503,9528958.282
475199.6612,9528958.282
475199.6612,9528957.193
475197.483,9528957.193
475197.483,9528956.104
475196.3939,9528956.104
475196.3939,9528955.014
475194.2157,9528955.014
475194.2157,9528953.925
475192.0375,9528953.925
475192.0375,9528952.836
475189.8593,9528952.836
475189.8593,9528951.747
475187.6811,9528951.747
475187.6811,9528950.658
475185.5029,9528950.658
475185.5029,9528949.569
475183.3247,9528949.569
475183.3247,9528948.48
475181.1465,9528948.48
475181.1465,9528947.391
475178.9683,9528947.391
475178.9683,9528946.302
475176.7901,9528946.302
475176.7901,9528945.213
475174.6119,9528945.213
475174.6119,9528944.123
475171.3446,9528944.123
475171.3446,9528943.034
475169.1664,9528943.034
475169.1664,9528941.945
475165.8991,9528941.945
475165.8991,9528940.856
475162.6318,9528940.856
475162.6318,9528939.767
475160.4536,9528939.767
475160.4536,9528938.678
475158.2754,9528938.678
475158.2754,9528937.589
475157.1863,9528937.589
475157.1863,9528936.5
475156.0972,9528936.5
475156.0972,9528935.411
475153.919,9528935.411
475153.919,9528934.322
475152.8299,9528934.322
475152.8299,9528933.232
475151.7408,9528933.232
475151.7408,9528932.143
475150.6517,9528932.143
475150.6517,9528931.054
475148.4735,9528931.054
475148.4735,9528929.965
475146.2953,9528929.965
475146.2953,9528928.876
475144.1171,9528928.876
475144.1171,9528927.787
475141.9389,9528927.787
475141.9389,9528926.698
475139.7607,9528926.698
475139.7607,9528925.609
475135.4043,9528925.609
475135.4043,9528924.52
475131.0479,9528924.52
475131.0479,9528923.431
475127.7806,9528923.431
475127.7806,9528922.341
475124.5133,9528922.341
475124.5133,9528921.252
475121.246,9528921.252
475121.246,9528920.163
475116.8896,9528920.163
475116.8896,9528919.074
475112.5332,9528919.074
475112.5332,9528917.985
475109.2659,9528917.985
475109.2659,9528916.896
475107.0877,9528916.896
475107.0877,9528915.807
475103.8204,9528915.807
475103.8204,9528914.718
475101.6422,9528914.718
475101.6422,9528913.629
475100.5531,9528913.629
475100.5531,9528912.54
475096.1967,9528912.54
475096.1967,9528911.45
475095.1076,9528911.45
475095.1076,9528910.361
475092.9294,9528910.361
475092.9294,9528909.272
475091.8403,9528909.272
475091.8403,9528908.183
475089.6621,9528908.183
475089.6621,9528907.094
475088.573,9528907.094
475088.573,9528906.005
475086.3948,9528906.005
475086.3948,9528904.916
475084.2166,9528904.916
475084.2166,9528903.827
475083.1275,9528903.827
475083.1275,9528902.738
475080.9493,9528902.738
475080.9493,9528901.649
475079.8602,9528901.649
475079.8602,9528900.559
475077.682,9528900.559
475077.682,9528899.47
475076.5929,9528899.47
475076.5929,9528898.381
475074.4147,9528898.381
475074.4147,9528897.292
475073.3256,9528897.292
475073.3256,9528896.203
475070.0583,9528896.203
475070.0583,9528895.114
475068.9692,9528895.114
475068.9692,9528894.025
475066.791,9528894.025
475066.791,9528892.936
475065.7019,9528892.936
475065.7019,9528891.847
475064.6128,9528891.847
475064.6128,9528890.758
475062.4346,9528890.758
475062.4346,9528889.668
475061.3455,9528889.668
475061.3455,9528888.579
475060.2564,9528888.579
475060.2564,9528887.49
475059.1673,9528887.49
475059.1673,9528886.401
475058.0782,9528886.401
475058.0782,9528885.312
475056.9891,9528885.312
475056.9891,9528884.223
475055.9,9528884.223
475055.9,9528883.134
475054.8109,9528883.134
475054.8109,9528882.045
475053.7218,9528882.045
475053.7218,9528880.956
475052.6327,9528880.956
475052.6327,9528879.867
475051.5436,9528879.867
475051.5436,9528878.777
475049.3654,9528878.777
475049.3654,9528877.688
475048.2763,9528877.688
475048.2763,9528876.599
475046.0981,9528876.599
475046.0981,9528875.51
475043.9199,9528875.51
475043.9199,9528874.421
475040.6526,9528874.421
475040.6526,9528873.332
475039.5635,9528873.332
475039.5635,9528872.243
475037.3853,9528872.243
475037.3853,9528871.154
475036.2962,9528871.154
475036.2962,9528870.065
475035.2071,9528870.065
475035.2071,9528868.976
475033.0289,9528868.976
475033.0289,9528865.386
475032.0059,9528864.619
475027.5834,9528864.619
475027.5834,9528863.53
475025.4052,9528863.53
475025.4052,9528862.441
475024.3161,9528862.441
475024.3161,9528861.352
475022.1379,9528861.352
475022.1379,9528860.263
475021.0488,9528860.263
475021.0488,9528859.174
475018.8706,9528859.174
475018.8706,9528858.085
475017.7815,9528858.085
475017.7815,9528856.995
475015.6033,9528856.995
475015.6033,9528855.906
475014.5142,9528855.906
475014.5142,9528854.817
475012.336,9528854.817
475012.336,9528853.728
475011.2469,9528853.728
475011.2469,9528852.639
475010.1578,9528852.639
475010.1578,9528851.55
475007.9796,9528851.55
475007.9796,9528850.461
475006.8905,9528850.461
475006.8905,9528849.372
475004.7123,9528849.372
475004.7123,9528848.283
475003.6232,9528848.283
475003.6232,9528847.194
475002.5341,9528847.194
475002.5341,9528846.104
475000.3559,9528846.104
475000.3559,9528845.015
474999.2668,9528845.015
474999.2668,9528843.926
474998.1777,9528843.926
474998.1777,9528842.837
474995.9995,9528842.837
474995.9995,9528841.748
474994.9104,9528841.748
474994.9104,9528840.659
474992.7322,9528840.659
474992.7322,9528839.57
474991.6431,9528839.57
474991.6431,9528838.481
474989.4649,9528838.481
474989.4649,9528837.392
474988.3758,9528837.392
474988.3758,9528836.303
474986.1976,9528836.303
474986.1976,9528835.213
474985.1085,9528835.213
474985.1085,9528834.124
474982.9303,9528834.124
474982.9303,9528833.035
474981.8412,9528833.035
474981.8412,9528831.946
474979.663,9528831.946
474979.663,9528830.857
474978.5739,9528830.857
474978.5739,9528829.768
474976.3957,9528829.768
474976.3957,9528828.679
474975.3066,9528828.679
474975.3066,9528827.59
474973.1284,9528827.59
474973.1284,9528826.501
474972.0393,9528826.501
474972.0393,9528825.412
474969.8611,9528825.412
474969.8611,9528824.322
474968.772,9528824.322
474968.772,9528823.233
474966.5938,9528823.233
474966.5938,9528822.144
474964.4156,9528822.144
474964.4156,9528821.055
474963.3265,9528821.055
474963.3265,9528819.966
474960.0592,9528819.966
474960.0592,9528818.877
474958.9701,9528818.877
474958.9701,9528817.788
474956.7919,9528817.788
474956.7919,9528816.699
474954.6137,9528816.699
474954.6137,9528815.61
474952.4355,9528815.61
474952.4355,9528814.521
474950.2573,9528814.521
474950.2573,9528813.431
474948.0791,9528813.431
474948.0791,9528812.342
474945.9009,9528812.342
474945.9009,9528811.253
474943.7227,9528811.253
474943.7227,9528810.164
474941.5445,9528810.164
474941.5445,9528809.075
474939.3663,9528809.075
474939.3663,9528807.986
474937.1881,9528807.986
474937.1881,9528806.897
474936.099,9528806.897
474936.099,9528805.808
474931.7426,9528805.808
474931.7426,9528804.719
474930.6535,9528804.719
474930.6535,9528803.63
474928.4753,9528803.63
474928.4753,9528802.54
474926.2971,9528802.54
474926.2971,9528801.451
474924.1189,9528801.451
474924.1189,9528800.362
474921.9407,9528800.362
474921.9407,9528799.273
474920.8516,9528799.273
474920.8516,9528798.184
474918.6734,9528798.184
474918.6734,9528797.095
474916.4952,9528797.095
474916.4952,9528796.006
474913.2279,9528796.006
474913.2279,9528794.917
474912.1388,9528794.917
474912.1388,9528793.828
474909.9606,9528793.828
474909.9606,9528792.739
474907.7824,9528792.739
474907.7824,9528791.649
474905.6042,9528791.649
474905.6042,9528790.56
474903.426,9528790.56
474903.426,9528789.471
474901.2478,9528789.471
474901.2478,9528788.382
474899.0696,9528788.382
474899.0696,9528787.293
474896.8914,9528787.293
474896.8914,9528786.204
474894.7132,9528786.204
474894.7132,9528785.115
474892.535,9528785.115
474892.535,9528784.026
474889.2677,9528784.026
474889.2677,9528782.937
474887.0895,9528782.937
474887.0895,9528781.848
474884.9113,9528781.848
474884.9113,9528780.758
474882.7331,9528780.758
474882.7331,9528779.669
474880.5549,9528779.669
474880.5549,9528778.58
474877.2876,9528778.58
474877.2876,9528777.491
474876.1985,9528777.491
474876.1985,9528776.402
474872.9312,9528776.402
474872.9312,9528775.313
474870.753,9528775.313
474870.753,9528774.224
474868.5748,9528774.224
474868.5748,9528773.135
474866.3966,9528773.135
474866.3966,9528772.046
474864.2184,9528772.046
474864.2184,9528770.957
474862.0402,9528770.957
474862.0402,9528769.867
474858.7729,9528769.867
474858.7729,9528768.778
474855.5056,9528768.778
474855.5056,9528767.689
474851.1492,9528767.689
474851.1492,9528766.6
474847.8819,9528766.6
474847.8819,9528765.511
474845.7037,9528765.511
474845.7037,9528764.422
474843.5255,9528764.422
474843.5255,9528763.333
474840.2582,9528763.333
474840.2582,9528761.493
474838.8308,9528760.066
474833.7236,9528760.066
474833.7236,9528758.976
474831.5454,9528758.976
474831.5454,9528757.887
474828.2781,9528757.887
474828.2781,9528756.798
474822.8326,9528756.798
474822.8326,9528755.709
474817.3871,9528755.709
474817.3871,9528754.62
474815.2089,9528754.62
474815.2089,9528753.531
474811.9416,9528753.531
474811.9416,9528752.442
474807.5852,9528752.442
474807.5852,9528751.353
474805.407,9528751.353
474805.407,9528750.264
474803.2288,9528750.264
474803.2288,9528749.175
474801.0506,9528749.175
474801.0506,9528748.085
474798.8724,9528748.085
474798.8724,9528746.996
474797.7833,9528746.996
474797.7833,9528745.907
474795.6051,9528745.907
474795.6051,9528744.818
474793.4269,9528744.818
474793.4269,9528743.729
474791.2487,9528743.729
474791.2487,9528742.64
474789.0705,9528742.64
474789.0705,9528741.551
474786.8923,9528741.551
474786.8923,9528740.462
474784.7141,9528740.462
474784.7141,9528739.373
474781.4468,9528739.373
474781.4468,9528738.284
474778.1795,9528738.284
474778.1795,9528737.194
474776.0013,9528737.194
474776.0013,9528736.105
474773.8231,9528736.105
474773.8231,9528735.016
474772.734,9528735.016
474772.734,9528733.927
474770.5558,9528733.927
474770.5558,9528732.838
474769.4667,9528732.838
474769.4667,9528731.749
474768.3776,9528731.749
474768.3776,9528730.66
474766.1994,9528730.66
474766.1994,9528729.571
474765.1103,9528729.571
474765.1103,9528728.482
474762.9321,9528728.482
474762.9321,9528727.393
474761.843,9528727.393
474761.843,9528726.303
474760.7539,9528726.303
474760.7539,9528725.214
474758.5757,9528725.214
474758.5757,9528724.125
474757.4866,9528724.125
474757.4866,9528723.036
474755.3084,9528723.036
474755.3084,9528721.947
474754.2193,9528721.947
474754.2193,9528720.858
474753.1302,9528720.858
474753.1302,9528719.769
474750.952,9528719.769
474750.952,9528718.68
474749.8629,9528718.68
474749.8629,9528717.591
474747.6847,9528717.591
474747.6847,9528716.502
474746.5956,9528716.502
474746.5956,9528715.412
474745.5065,9528715.412
474745.5065,9528714.323
474744.4174,9528714.323
474744.4174,9528713.234
474742.2392,9528713.234
474742.2392,9528712.145
474741.1501,9528712.145
474741.1501,9528711.056
474740.061,9528711.056
474740.061,9528709.967
474738.9719,9528709.967
474738.9719,9528708.878
474736.7937,9528708.878
474736.7937,9528707.789
474735.7046,9528707.789
474735.7046,9528706.7
474733.5264,9528706.7
474733.5264,9528705.611
474732.4373,9528705.611
474732.4373,9528704.521
474730.2591,9528704.521
474730.2591,9528703.432
474729.17,9528703.432
474729.17,9528702.343
474726.9918,9528702.343
474726.9918,9528701.254
474725.9027,9528701.254
474725.9027,9528700.165
474723.7245,9528700.165
474723.7245,9528699.076
474721.5463,9528699.076
474721.5463,9528697.987
474720.4572,9528697.987
474720.4572,9528696.898
474718.279,9528696.898
474718.279,9528695.809
474717.1899,9528695.809
474717.1899,9528694.72
474716.1008,9528694.72
474716.1008,9528693.63
474713.9226,9528693.63
474713.9226,9528692.541
474712.8335,9528692.541
474712.8335,9528691.452
474710.6553,9528691.452
474710.6553,9528690.363
474709.5662,9528690.363
474709.5662,9528689.274
474708.4771,9528689.274
474708.4771,9528688.185
474707.388,9528688.185
474707.388,9528687.096
474706.2989,9528687.096
474706.2989,9528686.007
474705.2098,9528686.007
474705.2098,9528684.918
474704.1207,9528684.918
474704.1207,9528683.829
474703.0316,9528683.829
474703.0316,9528682.739
474700.8534,9528682.739
474700.8534,9528681.65
474699.7643,9528681.65
474699.7643,9528680.561
474698.6752,9528680.561
474698.6752,9528679.472
474696.497,9528679.472
474696.497,9528678.383
474695.4079,9528678.383
474695.4079,9528677.294
474693.2297,9528677.294
474693.2297,9528676.205
474692.1406,9528676.205
474692.1406,9528675.116
474691.0515,9528675.116
474691.0515,9528674.027
474688.8733,9528674.027
474688.8733,9528672.938
474686.6951,9528672.938
474686.6951,9528671.848
474685.606,9528671.848
474685.606,9528670.759
474683.4278,9528670.759
474683.4278,9528669.67
474682.3387,9528669.67
474682.3387,9528668.581
474680.1605,9528668.581
474680.1605,9528667.492
474679.0714,9528667.492
474679.0714,9528666.403
474676.8932,9528666.403
474676.8932,9528665.314
474675.8041,9528665.314
474675.8041,9528664.225
474673.6259,9528664.225
474673.6259,9528663.136
474672.5368,9528663.136
474672.5368,9528662.047
474671.4477,9528662.047
474671.4477,9528660.957
474669.2695,9528660.957
474669.2695,9528659.868
474668.1804,9528659.868
474668.1804,9528658.779
474667.0913,9528658.779
474667.0913,9528657.69
474664.9131,9528657.69
474664.9131,9528656.601
474663.824,9528656.601
474663.824,9528655.512
474661.6458,9528655.512
474661.6458,9528654.423
474660.5567,9528654.423
474660.5567,9528653.334
474658.3785,9528653.334
474658.3785,9528652.245
474656.2003,9528652.245
474656.2003,9528651.156
474655.9319,9528651.156
474654.8428,9528648.977
474650.7548,9528648.977
474650.7548,9528647.888
474649.6657,9528647.888
474649.6657,9528646.799
474647.4875,9528646.799
474647.4875,9528645.71
474646.3984,9528645.71
474646.3984,9528644.621
474645.3093,9528644.621
474645.3093,9528643.532
474644.2202,9528643.532
474644.2202,9528642.443
474642.042,9528642.443
474642.042,9528641.354
474640.9529,9528641.354
474640.9529,9528640.265
474638.7747,9528640.265
474638.7747,9528639.175
474637.6856,9528639.175
474637.6856,9528638.086
474636.5965,9528638.086
474636.5965,9528636.997
474634.4183,9528636.997
474634.4183,9528635.908
474633.3292,9528635.908
474633.3292,9528634.819
474632.2401,9528634.819
474632.2401,9528633.73
474630.0619,9528633.73
474630.0619,9528632.641
474628.9728,9528632.641
474628.9728,9528631.552
474626.7946,9528631.552
474626.7946,9528630.463
474625.7055,9528630.463
474625.7055,9528629.374
474623.5273,9528629.374
474623.5273,9528628.284
474622.4382,9528628.284
474622.4382,9528627.195
474621.3491,9528627.195
474621.3491,9528623.782
474618.3006,9528621.75
474613.7254,9528621.75
474613.7254,9528620.661
474611.5472,9528620.661
474611.5472,9528619.572
474610.4581,9528619.572
474610.4581,9528618.483
474609.369,9528618.483
474609.369,9528617.393
474608.2799,9528617.393
474608.2799,9528616.304
474606.1017,9528616.304
474606.1017,9528615.215
474605.0126,9528615.215
474605.0126,9528614.126
474603.9235,9528614.126
474603.9235,9528613.037
474602.8344,9528613.037
474602.8344,9528611.948
474601.7453,9528611.948
474601.7453,9528610.859
474600.6562,9528610.859
474600.6562,9528609.77
474599.5671,9528609.77
474599.5671,9528608.681
474598.478,9528608.681
474598.478,9528607.592
474597.3889,9528607.592
474597.3889,9528606.502
474595.2107,9528606.502
474595.2107,9528605.413
474593.0325,9528605.413
474593.0325,9528604.324
474590.8543,9528604.324
474590.8543,9528603.235
474588.6761,9528603.235
474588.6761,9528602.146
474586.4979,9528602.146
474586.4979,9528601.057
474585.4088,9528601.057
474585.4088,9528599.968
474583.2306,9528599.968
474583.2306,9528598.879
474581.0524,9528598.879
474581.0524,9528597.79
474579.9633,9528597.79
474579.9633,9528596.701
474577.7851,9528596.701
474577.7851,9528595.611
474576.696,9528595.611
474576.696,9528594.522
474575.6069,9528594.522
474575.6069,9528593.433
474573.4287,9528593.433
474573.4287,9528592.344
474572.3396,9528592.344
474572.3396,9528591.255
474570.1614,9528591.255
474570.1614,9528590.166
474569.0723,9528590.166
474569.0723,9528589.077
474567.9832,9528589.077
474567.9832,9528587.988
474566.8941,9528587.988
474566.8941,9528586.899
474564.7159,9528586.899
474564.7159,9528585.81
474563.6268,9528585.81
474563.6268,9528584.72
474561.4486,9528584.72
474561.4486,9528583.631
474560.3595,9528583.631
474560.3595,9528582.542
474559.2704,9528582.542
474559.2704,9528581.453
474558.1813,9528581.453
474558.1813,9528580.364
474557.0922,9528580.364
474557.0922,9528579.275
474556.0031,9528579.275
474556.0031,9528578.186
474554.914,9528578.186
474554.914,9528577.097
474553.8249,9528577.097
474553.8249,9528576.008
474552.7358,9528576.008
474552.7358,9528574.919
474551.6467,9528574.919
474551.6467,9528573.829
474550.5576,9528573.829
474550.5576,9528572.74
474549.4685,9528572.74
474549.4685,9528571.651
474547.2903,9528571.651
474547.2903,9528570.562
474546.2012,9528570.562
474546.2012,9528568.384
474545.1121,9528568.384
474545.1121,9528566.206
474544.023,9528566.206
474544.023,9528564.028
474542.9339,9528564.028
474542.9339,9528562.938
474540.7557,9528562.938
474540.7557,9528561.849
474539.6666,9528561.849
474539.6666,9528560.76
474538.5775,9528560.76
474538.5775,9528559.671
474537.4884,9528559.671
474537.4884,9528558.582
474536.3993,9528558.582
474536.3993,9528557.493
474535.3102,9528557.493
474535.3102,9528555.315
474534.2211,9528555.315
474534.2211,9528554.226
474533.132,9528554.226
474533.132,9528553.137
474532.0429,9528553.137
474532.0429,9528552.047
474530.9538,9528552.047
474530.9538,9528550.958
474529.8647,9528550.958
474529.8647,9528548.78
474528.7756,9528548.78
474528.7756,9528547.691
474527.6865,9528547.691
474527.6865,9528545.513
474526.5974,9528545.513
474526.5974,9528544.424
474525.5083,9528544.424
474525.5083,9528542.246
474524.4192,9528542.246
474524.4192,9528541.156
474523.3301,9528541.156
474523.3301,9528540.067
474522.241,9528540.067
474522.241,9528538.978
474521.1519,9528538.978
474521.1519,9528537.889
474520.0628,9528537.889
474520.0628,9528534.622
474518.9737,9528534.622
474518.9737,9528533.533
474517.8846,9528533.533
474517.8846,9528531.355
474516.7955,9528531.355
474516.7955,9528530.265
474515.7064,9528530.265
474515.7064,9528528.087
474514.6173,9528528.087
474514.6173,9528526.998
474513.5282,9528526.998
474513.5282,9528525.909
474512.4391,9528525.909
474512.4391,9528523.731
474511.35,9528523.731
474511.35,9528522.642
474510.2609,9528522.642
474510.2609,9528521.553
474509.1718,9528521.553
474509.1718,9528520.464
474508.0827,9528520.464
474508.0827,9528519.374
474506.9936,9528519.374
474506.9936,9528518.285
474505.9045,9528518.285
474505.9045,9528517.196
474504.8154,9528517.196
474504.8154,9528516.107
474503.7263,9528516.107
474503.7263,9528515.018
474502.6372,9528515.018
474502.6372,9528513.929
474500.459,9528513.929
474500.459,9528512.84
474499.3699,9528512.84
474499.3699,9528511.751
474498.4789,9528511.751
474497.3898,9528511.751
474497.3898,9528512.84
474496.3007,9528512.84
474496.3007,9528515.018
474495.2116,9528515.018
474495.2116,9528516.107
474494.1225,9528516.107
474494.1225,9528517.196
474480.8552,9528517.196
474480.8552,9528512.84
474479.7661,9528512.84
474479.7661,9528509.573
474478.677,9528509.573
474478.677,9528506.305
474477.5879,9528506.305
474477.5879,9528504.127
474476.6969,9528504.127
474476.6969,9528505.216
474475.6078,9528505.216
474475.6078,9528506.305
474474.5187,9528506.305
474474.5187,9528507.394
474460.1623,9528507.394
474460.1623,9528504.127
474459.0732,9528504.127
474459.0732,9528500.86
474457.9841,9528500.86
474457.9841,9528498.682
474456.895,9528498.682
474456.895,9528497.592
474456.004,9528497.592
474456.004,9528498.682
474453.8258,9528498.682
474453.8258,9528499.771
474451.6476,9528499.771
474451.6476,9528500.86
474448.3803,9528500.86
474448.3803,9528501.949
474446.2021,9528501.949
474446.2021,9528503.038
474442.9348,9528503.038
474442.9348,9528504.127
474440.7566,9528504.127
474440.7566,9528505.216
474438.5784,9528505.216
474438.5784,9528506.305
474435.3111,9528506.305
474435.3111,9528507.394
474432.0438,9528507.394
474432.0438,9528508.483
474424.4201,9528508.483
474424.4201,9528509.573
474421.1528,9528509.573
474421.1528,9528510.662
474418.9746,9528510.662
474418.9746,9528511.751
474415.7073,9528511.751
474415.7073,9528512.84
474410.2618,9528512.84
474410.2618,9528513.929
474409.1727,9528513.929
474409.1727,9528515.018
474406.9945,9528515.018
474406.9945,9528516.107
474404.8163,9528516.107
474404.8163,9528517.196
474401.549,9528517.196
474401.549,9528518.285
474398.2817,9528518.285
474398.2817,9528519.374
474395.0144,9528519.374
474395.0144,9528520.464
474391.7471,9528520.464
474391.7471,9528521.553
474379.5689,9528521.553
474379.5689,9528520.464
474378.6779,9528520.464
474378.6779,9528521.553
474377.5888,9528521.553
474377.5888,9528522.642
474376.4997,9528522.642
474376.4997,9528523.731
474375.4106,9528523.731
474375.4106,9528525.909
474374.3215,9528525.909
474374.3215,9528526.998
474373.2324,9528526.998
474373.2324,9528529.176
474372.1433,9528529.176
474372.1433,9528530.265
474371.0542,9528530.265
474371.0542,9528531.355
474366.6978,9528531.355
474366.6978,9528532.444
474363.4305,9528532.444
474363.4305,9528533.533
474361.2523,9528533.533
474361.2523,9528534.622
474359.0741,9528534.622
474359.0741,9528535.711
474356.8959,9528535.711
474356.8959,9528536.8
474353.6286,9528536.8
474353.6286,9528537.889
474351.4504,9528537.889
474351.4504,9528540.067
474350.3613,9528540.067
474350.3613,9528541.156
474348.1831,9528541.156
474348.1831,9528542.246
474344.9158,9528542.246
474344.9158,9528543.335
474342.7376,9528543.335
474342.7376,9528544.424
474340.5594,9528544.424
474340.5594,9528545.513
474338.3812,9528545.513
474338.3812,9528546.602
474336.203,9528546.602
474336.203,9528547.691
474334.0248,9528547.691
474334.0248,9528548.78
474332.9357,9528548.78
474332.9357,9528549.869
474329.6684,9528549.869
474329.6684,9528550.958
474328.5793,9528550.958
474328.5793,9528552.047
474326.4011,9528552.047
474326.4011,9528553.137
474320.9556,9528553.137
474320.9556,9528554.226
474313.3319,9528554.226
474313.3319,9528555.315
474308.9755,9528555.315
474308.9755,9528556.404
474305.7082,9528556.404
474305.7082,9528557.493
474289.1736,9528557.493
474289.1736,9528556.404
474288.0845,9528556.404
474288.0845,9528555.315
474286.9954,9528555.315
474286.9954,9528554.226
474285.9063,9528554.226
474285.9063,9528552.047
474284.8172,9528552.047
474284.8172,9528550.958
474283.7281,9528550.958
474283.7281,9528549.869
474282.639,9528549.869
474282.639,9528548.78
474281.748,9528548.78
474281.748,9528549.869
474280.6589,9528549.869
474280.6589,9528552.047
474279.5698,9528552.047
474279.5698,9528554.226
474278.4807,9528554.226
474278.4807,9528556.404
474277.3916,9528556.404
474277.3916,9528558.582
474276.3025,9528558.582
474276.3025,9528560.76
474275.2134,9528560.76
474275.2134,9528562.938
474274.1243,9528562.938
474274.1243,9528565.117
474273.0352,9528565.117
474273.0352,9528567.295
474271.9461,9528567.295
474271.9461,9528569.473
474270.857,9528569.473
474270.857,9528571.651
474269.7679,9528571.651
474269.7679,9528572.74
474268.6788,9528572.74
474268.6788,9528573.829
474267.5897,9528573.829
474267.5897,9528574.919
474266.5006,9528574.919
474266.5006,9528576.008
474265.4115,9528576.008
474265.4115,9528577.097
474264.3224,9528577.097
474264.3224,9528580.364
474263.2333,9528580.364
474263.2333,9528581.453
474256.0551,9528581.453
474249.966,9528581.453
474249.966,9528580.364
474248.8769,9528580.364
474248.8769,9528579.275
474247.7878,9528579.275
474247.7878,9528578.186
474244.5205,9528578.186
474244.5205,9528577.097
474243.4314,9528577.097
474243.4314,9528574.919
474242.3423,9528574.919
474242.3423,9528573.829
474241.2532,9528573.829
474241.2532,9528572.74
474240.1641,9528572.74
474240.1641,9528571.651
474239.075,9528571.651
474239.075,9528570.562
474237.9859,9528570.562
474237.9859,9528569.473
474236.8968,9528569.473
474236.8968,9528568.384
474235.8077,9528568.384
474235.8077,9528567.295
474234.7186,9528567.295
474234.7186,9528566.206
474232.7385,9528566.206
474232.7385,9528567.295
474230.5603,9528567.295
474230.5603,9528568.384
474229.4712,9528568.384
474229.4712,9528569.473
474217.293,9528569.473
474217.293,9528567.295
474216.2039,9528567.295
474216.2039,9528566.206
474215.1148,9528566.206
474215.1148,9528565.117
474214.0257,9528565.117
474214.0257,9528564.028
474212.9366,9528564.028
474212.9366,9528561.849
474211.8475,9528561.849
474211.8475,9528560.76
474210.9565,9528560.76
474210.9565,9528561.849
474209.8674,9528561.849
474209.8674,9528562.938
474208.7783,9528562.938
474208.7783,9528565.117
474207.6892,9528565.117
474207.6892,9528566.206
474206.6001,9528566.206
474206.6001,9528567.295
474205.511,9528567.295
474205.511,9528568.384
474204.4219,9528568.384
474204.4219,9528570.562
474203.3328,9528570.562
474203.3328,9528572.74
474202.2437,9528572.74
474202.2437,9528574.919
474201.1546,9528574.919
474201.1546,9528577.097
474200.0655,9528577.097
474200.0655,9528579.275
474198.9764,9528579.275
474198.9764,9528580.364
474197.8873,9528580.364
474197.8873,9528581.453
474196.7982,9528581.453
474196.7982,9528583.631
474195.7091,9528583.631
474195.7091,9528585.81
474194.62,9528585.81
474194.62,9528586.899
474193.5309,9528586.899
474193.5309,9528590.166
474192.4418,9528590.166
474192.4418,9528593.433
474191.3527,9528593.433
474191.3527,9528595.611
474190.2636,9528595.611
474190.2636,9528596.701
474189.1745,9528596.701
474189.1745,9528597.79
474188.0854,9528597.79
474188.0854,9528598.879
474186.9963,9528598.879
474186.9963,9528599.968
474185.9072,9528599.968
474185.9072,9528602.146
474184.8181,9528602.146
474184.8181,9528602.592
474184.8181,9528604.324
474184.8181,9528608.681
474182.6399,9528608.681
474182.6399,9528609.77
474180.4617,9528609.77
474180.4617,9528610.859
474167.3925,9528610.859
474167.3925,9528611.948
474166.3034,9528611.948
474166.3034,9528614.126
474164.1252,9528614.126
474164.1252,9528615.215
474161.947,9528615.215
474161.947,9528616.304
474160.8579,9528616.304
474160.8579,9528617.393
474158.6797,9528617.393
474158.6797,9528618.483
474156.5015,9528618.483
474156.5015,9528619.572
474155.4124,9528619.572
474155.4124,9528620.661
474152.1451,9528620.661
474152.1451,9528621.75
474149.9669,9528621.75
474149.9669,9528622.839
474148.8778,9528622.839
474148.8778,9528623.928
474147.7887,9528623.928
474147.7887,9528625.017
474146.6996,9528625.017
474146.6996,9528626.106
474145.6105,9528626.106
474145.6105,9528627.195
474144.5214,9528627.195
474144.5214,9528628.284
474143.4323,9528628.284
474143.4323,9528629.374
474141.2541,9528629.374
474141.2541,9528630.463
474139.0759,9528630.463
474139.0759,9528631.552
474130.3631,9528631.552
474130.3631,9528632.641
474126.0067,9528632.641
474126.0067,9528633.73
474123.8285,9528633.73
474123.8285,9528634.819
474122.7394,9528634.819
474122.7394,9528635.908
474121.6503,9528635.908
474121.6503,9528636.997
474120.5612,9528636.997
474120.5612,9528638.086
474119.4721,9528638.086
474119.4721,9528639.175
474118.383,9528639.175
474118.383,9528640.265
474117.2939,9528640.265
474117.2939,9528642.443
474116.2048,9528642.443
474116.2048,9528644.621
474115.1157,9528644.621
474115.1157,9528647.888
474114.0266,9528647.888
474114.0266,9528648.977
474112.9375,9528648.977
474112.9375,9528650.066
474111.8484,9528650.066
474111.8484,9528652.245
474110.7593,9528652.245
474110.7593,9528654.423
474109.6702,9528654.423
474109.6702,9528656.601
474108.5811,9528656.601
474108.5811,9528657.69
474107.492,9528657.69
474107.492,9528658.779
474106.4029,9528658.779
474106.4029,9528659.868
474090.0664,9528659.868
474090.0664,9528660.957
474087.8882,9528660.957
474087.8882,9528662.047
474086.7991,9528662.047
474086.7991,9528663.136
474085.71,9528663.136
474085.71,9528664.225
474083.5318,9528664.225
474083.5318,9528665.314
474082.4427,9528665.314
474082.4427,9528666.403
474081.3536,9528666.403
474081.3536,9528668.581
474080.2645,9528668.581
474080.2645,9528680.561
474079.1754,9528680.561
474079.1754,9528683.829
474078.0863,9528683.829
474078.0863,9528689.274
474076.9972,9528689.274
474076.9972,9528693.63
474075.9081,9528693.63
474075.9081,9528694.72
474074.819,9528694.72
474074.819,9528695.809
474073.7299,9528695.809
474073.7299,9528696.898
474072.6408,9528696.898
474072.6408,9528697.987
474071.5517,9528697.987
474071.5517,9528699.076
474069.3735,9528699.076
474069.3735,9528700.165
474068.2844,9528700.165
474068.2844,9528701.254
474065.0171,9528701.254
474065.0171,9528702.343
474061.7498,9528702.343
474061.7498,9528703.432
474058.4825,9528703.432
474058.4825,9528704.521
474056.3043,9528704.521
474056.3043,9528705.611
474054.1261,9528705.611
474054.1261,9528706.7
474051.9479,9528706.7
474051.9479,9528707.789
474050.8588,9528707.789
474050.8588,9528708.878
474049.7697,9528708.878
474049.7697,9528709.769
474050.8588,9528709.769
474050.8588,9528710.858
474051.9479,9528710.858
474051.9479,9528711.947
474053.037,9528711.947
474053.037,9528713.036
474054.1261,9528713.036
474054.1261,9528714.125
474056.3043,9528714.125
474056.3043,9528715.214
474057.3934,9528715.214
474057.3934,9528716.303
474059.5716,9528716.303
474059.5716,9528717.393
474061.7498,9528717.393
474061.7498,9528718.482
474063.928,9528718.482
474063.928,9528719.571
474066.1062,9528719.571
474066.1062,9528720.66
474067.1953,9528720.66
474067.1953,9528738.284
474066.1062,9528738.284
474066.1062,9528741.551
474065.0171,9528741.551
474065.0171,9528743.729
474063.928,9528743.729
474063.928,9528744.62
474065.0171,9528744.62
474065.0171,9528745.709
474066.1062,9528745.709
474066.1062,9528746.798
474068.2844,9528746.798
474068.2844,9528747.887
474069.3735,9528747.887
474069.3735,9528748.976
474070.4626,9528748.976
474070.4626,9528750.066
474071.5517,9528750.066
474071.5517,9528751.155
474072.6408,9528751.155
474072.6408,9528753.333
474073.7299,9528753.333
474073.7299,9528754.422
474074.819,9528754.422
474074.819,9528755.511
474075.9081,9528755.511
474075.9081,9528756.6
474076.9972,9528756.6
474076.9972,9528757.689
474078.0863,9528757.689
474078.0863,9528758.778
474079.1754,9528758.778
474079.1754,9528759.867
474080.2645,9528759.867
474080.2645,9528760.957
474081.3536,9528760.957
474081.3536,9528762.046
474082.4427,9528762.046
474082.4427,9528763.135
474083.5318,9528763.135
474083.5318,9528764.224
474084.6209,9528764.224
474084.6209,9528765.313
474085.71,9528765.313
474085.71,9528766.402
474086.7991,9528766.402
474086.7991,9528767.491
474087.8882,9528767.491
474087.8882,9528768.58
474088.9773,9528768.58
474088.9773,9528769.669
474090.0664,9528769.669
474090.0664,9528770.758
474092.2446,9528770.758
474092.2446,9528771.848
474093.3337,9528771.848
474093.3337,9528772.937
474094.4228,9528772.937
474094.4228,9528774.026
474095.5119,9528774.026
474095.5119,9528786.204
474094.4228,9528786.204
474094.4228,9528787.293
474093.3337,9528787.293
474093.3337,9528788.382
474092.2446,9528788.382
474092.2446,9528789.471
474091.1555,9528789.471
474091.1555,9528790.56
474090.0664,9528790.56
474090.0664,9528791.649
474088.9773,9528791.649
474088.9773,9528792.739
474087.8882,9528792.739
474087.8882,9528793.828
474086.7991,9528793.828
474086.7991,9528794.917
474085.71,9528794.917
474085.71,9528796.006
474084.6209,9528796.006
474084.6209,9528797.095
474082.4427,9528797.095
474082.4427,9528798.184
474081.3536,9528798.184
474081.3536,9528799.273
474079.1754,9528799.273
474079.1754,9528800.362
474076.9972,9528800.362
474076.9972,9528801.451
474075.9081,9528801.451
474075.9081,9528802.54
474073.7299,9528802.54
474073.7299,9528803.63
474072.6408,9528803.63
474072.6408,9528804.719
474071.5517,9528804.719
474071.5517,9528805.808
474070.4626,9528805.808
474070.4626,9528806.897
474069.3735,9528806.897
474069.3735,9528807.986
474068.2844,9528807.986
474068.2844,9528809.075
474067.1953,9528809.075
474067.1953,9528810.164
474065.0171,9528810.164
474065.0171,9528811.253
474063.928,9528811.253
474063.928,9528812.342
474062.8389,9528812.342
474062.8389,9528813.233
474062.8389,9528814.322
474066.1062,9528814.322
474066.1062,9528815.412
474068.2844,9528815.412
474068.2844,9528816.501
474071.5517,9528816.501
474071.5517,9528817.59
474073.7299,9528817.59
474073.7299,9528818.679
474075.9081,9528818.679
474075.9081,9528819.768
474079.1754,9528819.768
474079.1754,9528820.857
474082.4427,9528820.857
474082.4427,9528821.946
474087.8882,9528821.946
474087.8882,9528828.035
474087.8882,9528834.124
474085.71,9528834.124
474085.71,9528835.213
474084.6209,9528835.213
474084.6209,9528836.303
474083.5318,9528836.303
474083.5318,9528837.392
474082.4427,9528837.392
474082.4427,9528838.481
474081.3536,9528838.481
474081.3536,9528839.57
474080.2645,9528839.57
474080.2645,9528841.748
474079.1754,9528841.748
474079.1754,9528842.837
474078.0863,9528842.837
474078.0863,9528843.926
474076.9972,9528843.926
474076.9972,9528845.015
474075.9081,9528845.015
474075.9081,9528846.104
474074.819,9528846.104
474074.819,9528847.194
474073.7299,9528847.194
474073.7299,9528848.283
474072.6408,9528848.283
474072.6408,9528849.372
474071.5517,9528849.372
474071.5517,9528850.461
474070.4626,9528850.461
474070.4626,9528861.352
474069.3735,9528861.352
474069.3735,9528865.708
474067.1953,9528865.708
474067.1953,9528866.797
474066.1062,9528866.797
474066.1062,9528868.976
474065.0171,9528868.976
474065.0171,9528871.154
474063.928,9528871.154
474063.928,9528872.243
474062.8389,9528872.243
474062.8389,9528874.421
474061.7498,9528874.421
474061.7498,9528875.51
474060.6607,9528875.51
474060.6607,9528877.688
474059.5716,9528877.688
474059.5716,9528878.777
474058.4825,9528878.777
474058.4825,9528879.867
474057.3934,9528879.867
474057.3934,9528885.312
474056.3043,9528885.312
474056.3043,9528887.49
474055.2152,9528887.49
474055.2152,9528889.668
474054.1261,9528889.668
474054.1261,9528890.758
474053.037,9528890.758
474053.037,9528892.936
474051.9479,9528892.936
474051.9479,9528894.025
474050.8588,9528894.025
474050.8588,9528902.738
474045.4133,9528902.738
474044.3242,9528902.738
474044.3242,9528903.827
474043.2351,9528903.827
474043.2351,9528904.916
474042.146,9528904.916
474042.146,9528907.094
474041.0569,9528907.094
474041.0569,9528908.183
474039.9678,9528908.183
474039.9678,9528909.272
474038.8787,9528909.272
474038.8787,9528912.54
474037.7896,9528912.54
474037.7896,9528914.718
474036.7005,9528914.718
474036.7005,9528916.896
474035.6114,9528916.896
474035.6114,9528917.985
474034.5223,9528917.985
474034.5223,9528920.163
474033.4332,9528920.163
474033.4332,9528921.252
474032.3441,9528921.252
474032.3441,9528923.431
474031.255,9528923.431
474031.255,9528925.609
474030.1659,9528925.609
474030.1659,9528927.787
474029.0768,9528927.787
474029.0768,9528928.876
474027.9877,9528928.876
474027.9877,9528929.965
474025.8095,9528929.965
474025.8095,9528932.143
474024.7204,9528932.143
474024.7204,9528933.232
474023.6313,9528933.232
474023.6313,9528935.411
474022.5422,9528935.411
474022.5422,9528937.589
474021.4531,9528937.589
474021.4531,9528938.678
474020.364,9528938.678
474020.364,9528940.856
474019.2749,9528940.856
474019.2749,9528941.945
474018.1858,9528941.945
474018.1858,9528944.123
474017.0967,9528944.123
474017.0967,9528945.213
474016.0076,9528945.213
474016.0076,9528950.658
474014.9185,9528950.658
474014.9185,9528952.836
474013.8294,9528952.836
474013.8294,9528953.925
474012.7403,9528953.925
474012.7403,9528956.104
474011.6512,9528956.104
474011.6512,9528957.193
474010.5621,9528957.193
474010.5621,9528958.282
474009.473,9528958.282
474009.473,9528959.371
474008.3839,9528959.371
474008.3839,9528960.46
474007.2948,9528960.46
474007.2948,9528962.638
474006.2057,9528962.638
474006.2057,9528964.816
474005.1166,9528964.816
474005.1166,9528966.995
474004.0275,9528966.995
474004.0275,9528968.084
474002.9384,9528968.084
474002.9384,9528970.262
474001.8493,9528970.262
474001.8493,9528972.44
474000.7602,9528972.44
474000.7602,9528973.529
473999.6711,9528973.529
473999.6711,9528975.707
473998.582,9528975.707
473998.582,9528976.796
473997.4929,9528976.796
473997.4929,9528981.153
473996.4038,9528981.153
473996.4038,9528982.242
473995.3147,9528982.242
473995.3147,9528984.42
473993.1365,9528984.42
473993.1365,9528985.509
473992.0474,9528985.509
473992.0474,9528986.598
473990.9583,9528986.598
473990.9583,9528987.687
473987.691,9528987.687
473987.691,9528989.866
473986.6019,9528989.866
473986.6019,9528990.955
473985.5128,9528990.955
473985.5128,9528992.044
473984.4237,9528992.044
473984.4237,9528994.222
473983.3346,9528994.222
473983.3346,9528995.311
473982.2455,9528995.311
473982.2455,9528997.489
473981.1564,9528997.489
473981.1564,9528999.668
473980.0673,9528999.668
473980.0673,9529001.846
473978.9782,9529001.846
473978.9782,9529002.935
473977.8891,9529002.935
473977.8891,9529005.113
473976.8,9529005.113
473976.8,9529006.202
473975.7109,9529006.202
473975.7109,9529007.291
473974.6218,9529007.291
473974.6218,9529009.469
473973.5327,9529009.469
473973.5327,9529010.559
473972.4436,9529010.559
473972.4436,9529011.648
473971.3545,9529011.648
473971.3545,9529012.737
473970.2654,9529012.737
473970.2654,9529014.717
473970.2654,9529020.162
473971.3545,9529020.162
473971.3545,9529031.053
473972.4436,9529031.053
473972.4436,9529035.41
473973.5327,9529035.41
473973.5327,9529040.855
473973.5327,9529055.657
473973.5327,9529061.746
473972.4436,9529061.746
473972.4436,9529062.835
473964.8199,9529062.835
473963.7308,9529062.835
473963.7308,9529066.103
473962.6417,9529066.103
473962.6417,9529068.281
473961.5526,9529068.281
473961.5526,9529071.548
473960.4635,9529071.548
473960.4635,9529073.726
473959.3744,9529073.726
473959.3744,9529078.083
473958.2853,9529078.083
473958.2853,9529083.528
473957.1962,9529083.528
473957.1962,9529085.706
473956.1071,9529085.706
473956.1071,9529087.885
473955.018,9529087.885
473955.018,9529088.974
473953.9289,9529088.974
473953.9289,9529091.152
473952.8398,9529091.152
473952.8398,9529093.33
473951.7507,9529093.33
473951.7507,9529094.419
473950.6616,9529094.419
473950.6616,9529096.597
473949.5725,9529096.597
473949.5725,9529097.687
473943.4834,9529097.687
473941.9488,9529097.687
473941.9488,9529107.488
473940.8597,9529107.488
473940.8597,9529108.379
